uuid,data_generating_centre,epirr_id,total,fraction_mapped,fraction_duplicates,fraction_rrna,fraction_intergenic
ce213256-806a-4bd5-b588-e09d35dc5526,BLUEPRINT,IHECRE00000067.3,348512096,0.899252,0.822613,0.00816179,0.0134837
a9b5e9f9-1666-4ae7-b90f-c8982b7e02e4,BLUEPRINT,IHECRE00000002.3,143542306,0.986507,0.43408,0.000857721,0.0665671
5e19e268-1607-42a0-ab4a-54cfac309915,BLUEPRINT,IHECRE00000004.3,135365284,0.96789,0.182035,0.0000847588,0.0363902
a1419edd-b37d-4c0d-815e-323bc0e6fc20,BLUEPRINT,IHECRE00000008.3,193222674,0.972467,0.405111,0.00110857,0.0207028
2babb39b-e470-4316-91f5-5fcd69508092,BLUEPRINT,IHECRE00000011.3,154641478,0.983158,0.192535,0.000711629,0.0339764
40b95995-0864-4a1b-a3b2-c2d2dbe05878,BLUEPRINT,IHECRE00000012.3,169194738,0.974381,0.346074,0.00109843,0.0335476
ba38aaf9-e2a4-4204-8db6-681cde95c751,BLUEPRINT,IHECRE00000013.3,277976170,0.97943,0.353166,0.0012518,0.0251704
1b38e984-9374-484f-8acc-95a746b179ad,BLUEPRINT,IHECRE00000014.2,221986148,0.970387,0.223614,0.000291659,0.0353212
cd79ce09-9bd8-4685-9aa7-6fe9a01475ba,BLUEPRINT,IHECRE00000015.3,35595950,0.966307,0.851273,0.000100795,0.0232482
8837471f-1a6f-41b4-8acc-0dedbf1fdd41,BLUEPRINT,IHECRE00000016.3,179604670,0.97093,0.392138,0.00082427,0.0190286
e1f529b3-4246-45bf-b91d-94d40a5b8b67,BLUEPRINT,IHECRE00000019.3,209295946,0.983943,0.334347,0.000887153,0.0241529
3eda6b9b-0d8e-4169-9622-9a1765c8e62d,BLUEPRINT,IHECRE00000022.3,179260330,0.97236,0.439469,0.000954197,0.0199639
2d3ada4b-2e49-459b-8382-4f15ba7e2e53,BLUEPRINT,IHECRE00000023.3,228748410,0.962293,0.191566,0.000192152,0.0393038
e64d86bf-f2a8-4136-ae46-92cee8786a27,BLUEPRINT,IHECRE00000024.3,149998904,0.945989,0.434181,0.000818599,0.0286573
1fbfa03c-d11c-440c-b76f-71c84f1af0e2,BLUEPRINT,IHECRE00000026.3,197390160,0.96177,0.274564,0.000483982,0.0379618
23acdcb9-32cc-4365-835a-852a0b1db617,BLUEPRINT,IHECRE00000027.3,139325774,0.95477,0.224239,0.000152657,0.0324061
3928b658-d46b-4348-88cd-9e0aba6e24d9,BLUEPRINT,IHECRE00000028.3,24621114,0.956477,0.617895,0.000396993,0.0338881
488cbaa9-d31c-4fc3-bf51-640dfb6f2a4d,BLUEPRINT,IHECRE00000031.3,193576410,0.950385,0.6592,0.000855091,0.0904995
7227e210-698f-4776-ab05-0778e1a1bf86,BLUEPRINT,IHECRE00000032.3,260230700,0.928032,0.391102,0.0044074,0.0398612
7643732c-7b01-4bf9-9bed-c95da566dfa0,BLUEPRINT,IHECRE00000034.3,157301012,0.942932,0.32133,0.000728809,0.0493547
fb30ec73-1be3-4607-98a3-14b20fe1204c,BLUEPRINT,IHECRE00000036.3,378060868,0.946944,0.342661,0.0134955,0.0242615
74002198-80a9-4fdd-827d-dee3231461eb,BLUEPRINT,IHECRE00000037.3,127920776,0.935762,0.529125,0.00101371,0.0344808
73390f55-0f39-42dd-8937-04dd9ca7c103,BLUEPRINT,IHECRE00000038.3,123209512,0.852303,0.59981,0.00643291,0.0166202
dfa7fd67-62ab-49df-a86a-0121523a1c0a,BLUEPRINT,IHECRE00000039.3,185237686,0.976991,0.384802,0.000846622,0.020492
f83bf4e0-47c3-4e32-8499-a4c911fef8c8,BLUEPRINT,IHECRE00000042.3,418191722,0.919943,0.562928,0.0188583,0.0214097
e17b4b3c-7976-49e5-8e30-609d8b7f02f5,BLUEPRINT,IHECRE00000043.3,158164716,0.957499,0.554169,0.00177657,0.0138002
441d2655-2717-4594-a3a4-a569bfef3886,BLUEPRINT,IHECRE00000044.3,51575373,0.964641,0.775907,0.0000946299,0.0231814
7fbb9ab7-11ad-4923-b6bd-a30ef34ea35e,BLUEPRINT,IHECRE00000045.3,194596576,0.971781,0.271339,0.0018253,0.0306715
b73326d1-d57e-403b-bea5-e08d101bfed4,BLUEPRINT,IHECRE00000046.3,276209074,0.928215,0.360551,0.00665518,0.0399496
36f80e2e-ff2a-4577-9c4e-238f0717b1c6,BLUEPRINT,IHECRE00000047.3,421690196,0.935445,0.594587,0.0193958,0.0188617
640fcf11-8eb9-430c-9c45-c954ca972bc5,BLUEPRINT,IHECRE00000048.3,154260294,0.964959,0.276317,0.000218387,0.02296
af5deda5-3444-4164-ad87-1923708343d1,BLUEPRINT,IHECRE00000050.3,40579889,0.974752,0.774881,0.0000852982,0.0281304
2d4a0433-e9e4-4e1f-b90a-18f1bc8b0ee5,BLUEPRINT,IHECRE00000051.3,124579544,0.964544,0.211366,0.000899483,0.0331128
f6335dc5-9347-4ef4-ae4d-c7b7fbb5f565,BLUEPRINT,IHECRE00000053.3,179949320,0.940023,0.347044,0.00171486,0.0408942
11c744cb-c6b7-476b-b07e-3d580f78a88f,BLUEPRINT,IHECRE00000054.3,143873004,0.943442,0.468879,0.000717732,0.0285411
c7ff8328-d295-4e8b-bf90-ba21e5a6dbe0,BLUEPRINT,IHECRE00000055.3,253955532,0.978496,0.355921,0.00179645,0.0253275
7b5e907a-df32-4f57-b7e6-5b62addec646,BLUEPRINT,IHECRE00000059.3,238577362,0.983773,0.389811,0.000351039,0.0248256
00b5c599-bdda-4da1-b477-4c1aaff6458f,BLUEPRINT,IHECRE00000060.3,101517314,0.977288,0.244173,0.00138416,0.0266105
d61411e8-87cd-4363-9630-f4633d718853,BLUEPRINT,IHECRE00000061.3,143716090,0.956719,0.399993,0.000427511,0.0327729
43aedf20-2042-468b-a474-06fdffb9633d,BLUEPRINT,IHECRE00000063.3,38739694,0.940463,0.857662,0.00010334,0.0276349
591e1bab-ec63-4d5d-a13c-8f594668d0be,BLUEPRINT,IHECRE00000064.3,21850176,0.966573,0.627617,0.0000226328,0.0200533
28c97669-55d1-420d-80cd-440376872321,BLUEPRINT,IHECRE00000068.3,390863236,0.919978,0.276382,0.00552111,0.14116
6cd3363b-1a84-446a-ac1f-516de7db411f,BLUEPRINT,IHECRE00000069.3,383750898,0.913425,0.636965,0.00884076,0.0128032
117645df-6153-4482-8d74-b4c0effc170e,BLUEPRINT,IHECRE00000070.3,105200037,0.947641,0.741564,0.000194138,0.0570918
3780ef90-dcf5-4360-8fa5-90848d508b8c,BLUEPRINT,IHECRE00000071.3,223983460,0.973339,0.5301,0.000514302,0.0138448
2e0173d2-a12d-43a7-a6db-fb8e9236a518,BLUEPRINT,IHECRE00000072.3,21252337,0.965768,0.647039,0.0000172961,0.0209936
a44473bb-e5bb-4d32-828b-2090968bcee6,BLUEPRINT,IHECRE00000073.3,130412272,0.963401,0.242845,0.000541988,0.0323783
b6207696-7ed2-434e-b903-e6b81a423c52,BLUEPRINT,IHECRE00000074.3,445282924,0.93801,0.53086,0.0192583,0.0187165
d3dc49a7-3387-4649-b529-b2a54c59144a,BLUEPRINT,IHECRE00000076.3,186918382,0.966553,0.309991,0.000839054,0.0309394
575e6b86-2a54-4830-bed0-36196e3c2268,BLUEPRINT,IHECRE00000077.3,20485407,0.965237,0.746312,0.000038992,0.0214208
9cb5bae2-b45e-41cd-addc-2a129a8d9852,BLUEPRINT,IHECRE00000078.3,95883357,0.960924,0.734017,0.00201986,0.0194865
ca7b5033-590e-4b9c-97df-c368e2cd57bd,BLUEPRINT,IHECRE00000079.3,466062292,0.908695,0.669794,0.0182494,0.0204265
0a3d973d-3573-4f09-b40e-392827fd507a,BLUEPRINT,IHECRE00000080.3,175945800,0.973346,0.302237,0.0011697,0.0329079
04b415e2-1338-48e3-8924-eb39e941a52a,BLUEPRINT,IHECRE00000081.3,138490346,0.941045,0.41066,0.000822823,0.0542453
21215c3a-caaf-48dc-ba5b-3f81eaf7de52,BLUEPRINT,IHECRE00000084.3,173303778,0.972875,0.39096,0.00130527,0.0217964
6ddaa0f4-3dca-4234-bc2c-926ef47c8eec,BLUEPRINT,IHECRE00000085.3,23756721,0.923505,0.955073,0.00196021,0.0361944
0e33cd1b-9983-49f4-b530-9135caf4ec4c,BLUEPRINT,IHECRE00000087.3,154854642,0.972926,0.187922,0.000526636,0.0350662
325934f4-bdd9-4d3b-893c-eb366fcf38ff,BLUEPRINT,IHECRE00000088.3,145428126,0.930119,0.534663,0.0010236,0.040891
a81d2c38-487b-4979-a6f6-d6fb6dbbe93a,BLUEPRINT,IHECRE00000089.3,202055462,0.854567,0.508316,0.00635185,0.0695365
71bc0393-39da-4dbb-8d5c-fb4fa7bc8ee2,BLUEPRINT,IHECRE00000090.3,189433774,0.957015,0.4062,0.000160615,0.0317453
84504c8d-56c9-41b4-b087-fefe11238e8f,BLUEPRINT,IHECRE00000092.3,205491912,0.805894,0.559762,0.0125545,0.0411875
7ffd8e08-7f15-42b8-b293-1bf9692c2c9b,BLUEPRINT,IHECRE00000094.3,194188920,0.962051,0.26761,0.0000901725,0.0328345
31d89496-0ebf-4c82-a7c3-14e501eb800b,BLUEPRINT,IHECRE00000095.3,240212778,0.957176,0.33057,0.000120848,0.0394581
1d1fcc9d-7b89-4ad6-a8a2-8488c235d10f,BLUEPRINT,IHECRE00000096.3,127064438,0.96272,0.262808,0.00048411,0.0326978
b5947d80-3854-4c36-8575-15f8be168cf9,BLUEPRINT,IHECRE00000097.3,118710270,0.951787,0.246032,0.000241692,0.0315441
98e78805-412b-4455-bb23-bf3a3815daba,BLUEPRINT,IHECRE00000098.3,313965694,0.91299,0.482332,0.0102726,0.0178127
054fb527-34ca-4a01-986d-a552c631294d,BLUEPRINT,IHECRE00000099.3,229657270,0.97702,0.284917,0.00198818,0.024244
87e491a7-37fc-4101-b74c-39590ca74488,BLUEPRINT,IHECRE00000100.3,149684156,0.937044,0.450895,0.000775028,0.0345894
0f199918-007d-4f4f-8e9b-f047093800ab,BLUEPRINT,IHECRE00000101.3,224785006,0.975782,0.350791,0.000192741,0.01917
e58086c9-d377-4bf2-a42d-ad94f6d0043d,BLUEPRINT,IHECRE00000103.3,195757950,0.963593,0.348413,0.0000741659,0.0348175
73c8bcc0-c9d7-4392-83a5-bc7818dbf75a,BLUEPRINT,IHECRE00000105.3,183835802,0.973065,0.327014,0.000629782,0.0253972
73994b77-657f-4ec4-b49a-5111f67df4b3,BLUEPRINT,IHECRE00000106.3,206635824,0.975442,0.332986,0.00210658,0.0349173
b2501875-d182-47ec-be7f-953083468d50,BLUEPRINT,IHECRE00000107.3,27274642,0.966141,0.648232,0.0000643995,0.0190503
3d199e56-119a-4756-9320-22ea117f1578,BLUEPRINT,IHECRE00000109.3,146329382,0.965807,0.262657,0.000117084,0.0391329
e9546788-ff77-46e2-bb4a-3864771e14f2,BLUEPRINT,IHECRE00000110.3,181885664,0.919789,0.537473,0.0120707,0.0150832
5c5dc2cc-ea37-4995-b44a-429d87580e2e,BLUEPRINT,IHECRE00000112.3,193424274,0.972043,0.364066,0.00225998,0.0256042
ca02a8cb-fbc2-420e-b067-12aaa711f501,BLUEPRINT,IHECRE00000115.3,403417346,0.90779,0.401391,0.00520351,0.0931283
8cb18b91-e043-48ed-95cc-15545236ea07,BLUEPRINT,IHECRE00000118.3,99644028,0.965385,0.21381,0.000896566,0.0349906
349adc40-f684-41b1-b366-9d629bebaf5a,BLUEPRINT,IHECRE00000121.3,218443896,0.976683,0.410455,0.000876338,0.023187
b0fd07ba-473a-442d-868d-b6e01f31ede2,BLUEPRINT,IHECRE00000122.3,23665924,0.966465,0.614644,0.0000242652,0.0208086
07be271d-26bd-4178-8223-755c67ea08ef,BLUEPRINT,IHECRE00000123.3,64262390,0.960795,0.661675,0.0051517,0.0371874
81a81825-3675-437c-9ce3-4577ea4e40bb,BLUEPRINT,IHECRE00000124.3,180235990,0.97419,0.234026,0.0000927931,0.0291262
a4b583ee-3873-45f6-a1e5-88a32fbf06b7,BLUEPRINT,IHECRE00000126.3,156196258,0.979244,0.286951,0.00197713,0.051754
76da2630-a9bf-4056-a0c4-e038ec13ee9a,BLUEPRINT,IHECRE00000129.3,176352496,0.970719,0.367132,0.000755979,0.0228357
ba4abbc6-0f7f-4d96-ab57-47d9b5677cd2,BLUEPRINT,IHECRE00000130.3,305761062,0.943776,0.325193,0.00436091,0.0446879
a5c1a390-8140-4b2e-86ba-81d885286536,BLUEPRINT,IHECRE00000136.3,23332637,0.969316,0.638452,0.000341518,0.0209031
57ba6233-f4c5-48f7-ad02-f162d2d923d3,BLUEPRINT,IHECRE00000137.3,36477403,0.971762,0.859681,0.000196122,0.0199024
d80bb93f-dff8-4aae-9b88-5e85a40c396c,BLUEPRINT,IHECRE00000138.3,132849106,0.938719,0.536205,0.000366857,0.0296235
825ee5f8-cc2f-4684-a986-640a001b7129,BLUEPRINT,IHECRE00000140.3,198236828,0.976283,0.334688,0.000473475,0.0269514
a0a1e61f-ffe3-4ef4-9c50-b8fbc673607e,BLUEPRINT,IHECRE00000141.3,227862276,0.972996,0.210972,0.000543866,0.0872475
b770ca31-4099-46ca-a09b-b03ce19ac5fd,BLUEPRINT,IHECRE00000142.3,157406506,0.968489,0.222585,0.000149285,0.0249376
1a62054e-e123-42bc-be3e-4374c799a5bc,BLUEPRINT,IHECRE00000144.3,262449404,0.926668,0.326791,0.00672709,0.123384
916a5c5a-3814-4866-ae95-21c987615a0f,BLUEPRINT,IHECRE00000146.3,146510346,0.931578,0.477286,0.000740575,0.0369285
fc01520b-a7ab-442d-98a7-1e93fe5a0a54,BLUEPRINT,IHECRE00000147.3,210509716,0.96001,0.292024,0.000961154,0.034735
9d5349f9-e590-4a0b-a29d-ad0a30353b5b,BLUEPRINT,IHECRE00000148.3,186570354,0.794407,0.574884,0.00876758,0.01814
3acfdd3f-b106-419e-9b87-50617716e916,BLUEPRINT,IHECRE00000149.3,171642278,0.85357,0.545554,0.00409849,0.129416
7811ee51-a6b4-4f53-a11b-dffcf0c1d9e7,BLUEPRINT,IHECRE00000150.3,408645554,0.914559,0.530411,0.00871539,0.0197174
753fdd79-a4b8-4d15-8d5b-404094ee2992,BLUEPRINT,IHECRE00000152.3,227663406,0.974932,0.233524,0.00144903,0.0504855
e72c8609-39a8-48fc-baec-5b1e283a6272,BLUEPRINT,IHECRE00000153.3,232599972,0.977513,0.202501,0.00134373,0.0460939
31c3fdaa-7551-4340-b457-09d73ebeed3c,BLUEPRINT,IHECRE00000154.3,349746168,0.947252,0.519506,0.0212026,0.0165847
fcf12ff1-f6bb-4c43-a90c-8351f7be475a,BLUEPRINT,IHECRE00000155.3,168370254,0.962989,0.339135,0.000283393,0.0253223
3e2b985d-4a49-4bb8-ac06-b264585a9c86,BLUEPRINT,IHECRE00000157.3,31321387,0.965925,0.625394,0.0000533812,0.0323032
3199a98c-5d9f-4431-839e-a5a868ae26ad,BLUEPRINT,IHECRE00000158.3,236630358,0.98215,0.296905,0.00139871,0.0265633
7df9998e-41dc-4da9-bdce-a2984dbeba85,BLUEPRINT,IHECRE00000159.3,200054292,0.964559,0.268063,0.0000715366,0.0317709
846b6bac-60bb-431c-9dc0-7a57d4d613b7,BLUEPRINT,IHECRE00000160.3,238392008,0.970873,0.310881,0.000904258,0.0349843
5f7c6b52-f674-4b3c-9c6f-8772401a7555,BLUEPRINT,IHECRE00000161.3,164833746,0.974061,0.403939,0.000906625,0.0160742
65ff8691-bc63-41cf-9784-36c63d47675d,BLUEPRINT,IHECRE00000162.3,31799495,0.944919,0.946222,0.0017336,0.0316885
394725b6-56c9-4eb4-be69-7c2013258055,BLUEPRINT,IHECRE00000164.3,405812094,0.923676,0.368906,0.0102835,0.0842449
47de1877-01de-47be-b945-2b5ae42635c4,BLUEPRINT,IHECRE00000166.3,86978787,0.961107,0.712247,0.00182782,0.0197962
540e67cd-e300-43dd-bc2e-76e9f599dd28,BLUEPRINT,IHECRE00000167.3,196946404,0.853856,0.527612,0.00474849,0.0683772
6ca1730a-66cc-4b8a-8792-bace2221c551,BLUEPRINT,IHECRE00000171.3,155820992,0.950273,0.383886,0.000528978,0.026473
c3e151a3-0f74-45a9-9f11-b0a6564ea89c,BLUEPRINT,IHECRE00000172.3,219378144,0.98256,0.223206,0.00158249,0.0323593
1cf401c5-9b4e-4e1d-a7bf-903f412df517,BLUEPRINT,IHECRE00000174.3,183514664,0.973387,0.421394,0.00145711,0.0194075
15f02016-944c-4623-b362-b8062946a22e,BLUEPRINT,IHECRE00000175.3,170796152,0.947091,0.798653,0.000603692,0.119348
4e13383e-d7c5-4bed-b6f1-d0e397080f36,BLUEPRINT,IHECRE00000176.3,334336356,0.974956,0.315313,0.000564064,0.0291612
4df3ea7e-fbcf-4867-ba4c-fa797b3eeebc,BLUEPRINT,IHECRE00000177.3,186756054,0.972947,0.398109,0.00147514,0.0170764
f4fe7983-a562-4b04-a500-6623fd6e3855,BLUEPRINT,IHECRE00000178.3,220472798,0.973684,0.302765,0.0000641354,0.0368527
f7af3cdf-61c2-41d0-9043-13c764f04f6e,BLUEPRINT,IHECRE00000181.3,147520566,0.980947,0.19558,0.000362871,0.036182
6da6cb2f-54e8-4f68-99a4-c686cb8e8dae,BLUEPRINT,IHECRE00000182.3,411157476,0.902139,0.512312,0.0102052,0.0725337
73ef4974-89c8-43d5-bff1-36517efb3cc3,BLUEPRINT,IHECRE00000184.3,201812238,0.974093,0.271093,0.00153409,0.0259615
dd2f3900-56ca-436f-bcb4-cc6954aab77a,BLUEPRINT,IHECRE00000188.3,214344246,0.969098,0.230436,0.00140546,0.0565962
4f5389b8-fcd4-40c7-997c-1ab5857a877d,BLUEPRINT,IHECRE00000191.3,159001620,0.978461,0.246875,0.000728643,0.0257251
ba6416cb-70dd-4993-b239-53b788f97610,BLUEPRINT,IHECRE00000192.3,285441210,0.943558,0.266533,0.010899,0.111466
13e27dd8-2495-49d4-b9bc-4211778741d1,BLUEPRINT,IHECRE00000193.3,218397444,0.97401,0.343982,0.00308921,0.0228457
bfc0113e-6d11-4855-915d-63cd5b320b0d,BLUEPRINT,IHECRE00000194.3,190135020,0.975153,0.18002,0.000788773,0.0412947
f5fb0cd6-dd99-4681-8f1b-c7f667cc0bee,BLUEPRINT,IHECRE00000195.3,202460608,0.943462,0.346478,0.000322872,0.0152826
07a8729e-cd18-42e6-8960-edb3d27db132,BLUEPRINT,IHECRE00000196.3,341971984,0.940063,0.214224,0.0110306,0.204733
dfb5b07e-6808-4439-bb3a-b0c2c7298191,BLUEPRINT,IHECRE00000248.2,230265124,0.975936,0.298671,0.000698484,0.0283886
cd3a1056-2197-42aa-bded-c1a4e078a19b,BLUEPRINT,IHECRE00000249.2,220393882,0.973587,0.385978,0.00114173,0.0452784
131b853b-d498-4d2b-92d8-acb345f8644f,BLUEPRINT,IHECRE00000250.2,217332936,0.978284,0.611055,0.00034733,0.0125253
dd8c81af-e8a0-4225-b9d0-d9ccc77d45fc,BLUEPRINT,IHECRE00000251.2,223113626,0.976921,0.277219,0.000306362,0.0363515
db273c40-3aa4-403a-a495-6cebba0e623b,BLUEPRINT,IHECRE00000252.2,371533774,0.96103,0.269065,0.00058238,0.0257495
747bfbff-54bf-4d2e-904d-5e622c376468,BLUEPRINT,IHECRE00000253.2,249330782,0.975585,0.197051,0.000621255,0.0324628
7e58d356-d3eb-4572-ba5b-766016a2605c,BLUEPRINT,IHECRE00000256.2,292119838,0.886721,0.235463,0.000331921,0.0335486
80ab264c-2369-4e48-a84b-1a59dbcbfd12,BLUEPRINT,IHECRE00000260.2,220134896,0.974689,0.248496,0.00039388,0.0329592
c38d5922-cfab-4af4-b47e-85678ef65f77,BLUEPRINT,IHECRE00000261.2,176302378,0.97445,0.273631,0.000863358,0.0315461
23cc5e4f-1f83-4ec4-bd9f-366ea2d69a97,BLUEPRINT,IHECRE00000263.2,219437200,0.966306,0.438027,0.000293506,0.0251561
084d8e38-e509-4e71-9aef-c90a68126cd8,BLUEPRINT,IHECRE00000265.2,229761872,0.976107,0.237947,0.00024497,0.0337266
d364633d-f405-488a-9712-8f4cacf76528,BLUEPRINT,IHECRE00000266.2,32437314,0.95105,0.83917,0.00339538,0.038866
5a508677-3046-4796-8e45-4a9b9c56d6ff,BLUEPRINT,IHECRE00000267.2,203635956,0.963481,0.440847,0.000538055,0.050081
46262cf8-07dc-4dd2-b511-50411320145b,BLUEPRINT,IHECRE00000270.2,225123712,0.976264,0.202623,0.000570397,0.044431
d030c07a-6a76-4134-bf65-9c4b00536fc2,BLUEPRINT,IHECRE00000271.2,226039034,0.969011,0.395915,0.00044451,0.025368
ed8fc3d8-777f-4872-986e-659c666e834f,BLUEPRINT,IHECRE00000273.2,38566894,0.944287,0.814551,0.0037635,0.0191135
f65e7772-6408-4447-b0a1-8276d51b46ed,BLUEPRINT,IHECRE00000277.2,223132672,0.977805,0.368826,0.000525309,0.0257635
2b410504-c873-440f-a968-3f2497dd5b30,BLUEPRINT,IHECRE00000279.2,219550702,0.975649,0.242979,0.000806346,0.0598488
8262421f-e8a4-4cc1-8f0a-74dac14e47e5,BLUEPRINT,IHECRE00000282.2,102777411,0.837101,0.896969,0.00202021,0.0662239
34e2f9ce-8189-42bf-b841-98ce09ff4921,BLUEPRINT,IHECRE00000283.2,211688872,0.974867,0.295309,0.000478484,0.0444594
f4ccc7d6-a499-42e2-8c4e-d479a0f0f176,BLUEPRINT,IHECRE00000284.2,232632318,0.975971,0.228404,0.000383862,0.0357976
b6bbca0f-aec9-4cda-8e43-a9d087ac0caa,BLUEPRINT,IHECRE00000285.2,225182632,0.974787,0.328228,0.000373599,0.0269006
54c18699-9cc5-41a8-8565-b5c29b79ed90,BLUEPRINT,IHECRE00000286.2,45618461,0.957926,0.69295,0.00031591,0.0271549
6b7209cd-5c73-4f1a-89f3-a215d91c2f19,BLUEPRINT,IHECRE00000290.2,219361822,0.97374,0.190895,0.000451902,0.0627025
e73d4203-cf45-49e8-b14d-f5a242ea7381,BLUEPRINT,IHECRE00000291.2,33720669,0.944293,0.734323,0.00343896,0.032995
b7a77110-39e7-48bd-b794-10be20436941,BLUEPRINT,IHECRE00000294.2,227972856,0.973022,0.358893,0.000927863,0.0303977
cf4373ba-aef5-427a-9d07-ad5b91ccee07,BLUEPRINT,IHECRE00000295.2,222648442,0.974897,0.344066,0.000516845,0.0354155
964b7a2c-e841-4054-aec5-42db7d92033b,BLUEPRINT,IHECRE00000296.2,190969260,0.969515,0.375977,0.000559878,0.035862
0b78bb7f-261b-4dd3-9e7e-72ed1de39cdc,BLUEPRINT,IHECRE00000297.2,219635734,0.97914,0.219816,0.000879364,0.0430287
f7252417-1731-41ee-bd33-e56e67c2e678,BLUEPRINT,IHECRE00000298.2,216485712,0.969103,0.336282,0.000701392,0.035416
6738a669-8399-4486-92c1-5015ec7afc8a,BLUEPRINT,IHECRE00000299.2,43899492,0.935959,0.74574,0.00172943,0.0191067
e9638183-b8ed-417d-a26a-b6d471199cda,BLUEPRINT,IHECRE00000300.2,28093593,0.968273,0.851875,0.00476751,0.0246862
db6c34f0-5f32-4cbb-b25b-43face52eebb,BLUEPRINT,IHECRE00000301.2,219010866,0.976842,0.27223,0.00131081,0.0329251
92082b56-694d-41f5-bba9-842a01425116,BLUEPRINT,IHECRE00000303.2,209474884,0.963181,0.608137,0.00114675,0.0239291
d6d8a395-92f6-4bad-8f81-6ebfe271c864,BLUEPRINT,IHECRE00000304.2,215041428,0.97399,0.366184,0.000580158,0.0265376
528856e6-7045-4d81-8edc-ef0af09281c5,BLUEPRINT,IHECRE00000305.2,42686344,0.912865,0.815882,0.00459862,0.0114454
07a1c957-71f5-4ad2-9025-e3a8c33c78bd,BLUEPRINT,IHECRE00000308.2,233534262,0.97729,0.313782,0.000412565,0.0281236
26319206-7276-4686-a51d-f015d603d085,BLUEPRINT,IHECRE00000309.2,235700594,0.977066,0.333944,0.0017512,0.0296876
e156be7a-d0ca-449e-97c2-ca6d219b1e0f,BLUEPRINT,IHECRE00000310.2,225463584,0.969434,0.392333,0.000368419,0.0263213
5aec82af-133d-417a-b01e-5ea8792ef0e8,BLUEPRINT,IHECRE00000311.2,233738378,0.956584,0.534516,0.00303681,0.0435564
103ffcc8-5140-419e-81f6-ff44882e7f4b,BLUEPRINT,IHECRE00000315.2,222610044,0.977537,0.178836,0.000690071,0.0460914
2b903a7c-e328-4920-9279-d7c568697270,BLUEPRINT,IHECRE00000316.2,174989272,0.979786,0.430163,0.000471578,0.0237518
33af256e-b70d-485e-b52b-ec2bcb754aa7,BLUEPRINT,IHECRE00000317.2,238826856,0.975077,0.220738,0.000785195,0.0302068
8ab5cfe7-ec06-4fcc-8632-83fe6ad66e0f,BLUEPRINT,IHECRE00000318.2,237531118,0.9829,0.368236,0.000386685,0.0186773
87930720-67f7-4400-893b-754d8f2e6b23,BLUEPRINT,IHECRE00000320.2,32993214,0.888401,0.885049,0.00211223,0.0204495
f804f5b7-85b9-4711-b908-217a0e03671b,BLUEPRINT,IHECRE00000321.2,242736824,0.973697,0.190289,0.000546697,0.0502901
350684ba-afa4-4b9b-9847-33bd9ad03876,BLUEPRINT,IHECRE00000323.2,29334082,0.954757,0.810301,0.00119838,0.0193876
56e9d5c4-735e-4fe5-9fec-0fedb981d581,BLUEPRINT,IHECRE00000324.2,229927486,0.972585,0.366856,0.0064464,0.0721531
993072f4-71d4-4505-934a-1018e3d7a78c,BLUEPRINT,IHECRE00000325.2,43210669,0.961747,0.765651,0.000516943,0.0228779
addcc37b-9ecb-4f08-90ca-402ad4db8712,BLUEPRINT,IHECRE00000327.2,239659236,0.978792,0.221357,0.000180108,0.0293
ee9d6455-1cc9-4951-a224-324fe166fe55,BLUEPRINT,IHECRE00000329.2,217180072,0.964833,0.239707,0.00101546,0.0446399
4b06b99c-775b-474e-b831-17ceff4c5077,BLUEPRINT,IHECRE00000330.2,230353946,0.97016,0.310008,0.000455298,0.0304431
0dd3b40f-bb15-4240-9bb5-71a0385bd0a2,BLUEPRINT,IHECRE00000332.2,228853642,0.980577,0.170663,0.000415287,0.0419506
f635e050-b42f-437e-8d95-38f0386622aa,BLUEPRINT,IHECRE00000334.2,38732275,0.963358,0.81342,0.00183113,0.0202957
4534bbac-291c-4712-94a2-d18bb1f4978e,BLUEPRINT,IHECRE00000335.2,219618170,0.970037,0.344285,0.00174986,0.0360864
f60d8ef6-88ef-4668-a182-829e43f0a52c,BLUEPRINT,IHECRE00000338.2,21068950,0.915101,0.891364,0.0137198,0.0252863
08ee2b1f-6760-4176-9a78-abd1d6434342,BLUEPRINT,IHECRE00000339.2,239458424,0.949731,0.275009,0.000488363,0.0408717
8084c9f4-b0d4-4a65-a7d3-f99917853ec4,BLUEPRINT,IHECRE00000341.2,203806294,0.943625,0.578389,0.000970628,0.0402747
77205869-8ddc-4856-a6c4-b10ff1248031,BLUEPRINT,IHECRE00000342.3,155293078,0.969874,0.255831,0.000951241,0.0445349
3ccb876a-b25b-4791-adb5-a73036f1ba92,BLUEPRINT,IHECRE00000343.2,226419352,0.974219,0.235928,0.000510445,0.0344215
a1d093e4-a419-4ef1-83c6-423399fddfde,BLUEPRINT,IHECRE00000346.2,225809816,0.967918,0.216657,0.000183817,0.0352654
ae951746-26fd-43a8-9751-71c450e87724,BLUEPRINT,IHECRE00000347.2,211949004,0.973449,0.322963,0.000659175,0.0461895
cc6a252e-6c78-4068-876f-9dc100a0f848,BLUEPRINT,IHECRE00000348.2,237252416,0.973851,0.284207,0.000548075,0.0420281
fdee038a-d736-45f3-b5be-80af15de7d4e,BLUEPRINT,IHECRE00000349.2,257842798,0.973651,0.385339,0.000657028,0.0280327
f2f7b40c-f882-4504-a6fd-f37ca57d39ad,BLUEPRINT,IHECRE00000350.2,43580784,0.963982,0.709931,0.000580013,0.0266335
d4648b30-da54-4d94-83fe-c72792174ff8,BLUEPRINT,IHECRE00000352.2,32670013,0.942229,0.82344,0.00197108,0.0201746
561f1333-05c2-4d73-959c-176efec45c83,BLUEPRINT,IHECRE00000353.2,233824878,0.975105,0.258028,0.000195238,0.0366719
5cbd05e7-426f-493d-8f52-1621523dd006,BLUEPRINT,IHECRE00000354.2,226732584,0.971347,0.292865,0.00106355,0.0380591
7d3dc86f-82ec-40c0-b0be-e2729a9218dd,BLUEPRINT,IHECRE00001237.1,193863092,0.966388,0.250577,0.00157814,0.0463777
8d25b80d-2fe0-46eb-ac32-66eef0e8148a,BLUEPRINT,IHECRE00001244.1,184500300,0.954667,0.508776,0.00255446,0.0478666
0815260d-bc8f-4f38-801c-d54f557103c4,BLUEPRINT,IHECRE00001246.1,198343970,0.965264,0.445683,0.000276714,0.0266241
62d0b573-2257-4954-8580-01213d839bfe,BLUEPRINT,IHECRE00001249.1,211085824,0.968209,0.492745,0.00138984,0.0159065
bd76e87c-a120-4807-9045-548a39613f26,BLUEPRINT,IHECRE00001260.1,183174970,0.976859,0.333202,0.000948484,0.0378073
fea1114b-8b34-4e3a-bd6a-c66f60bf6955,BLUEPRINT,IHECRE00001275.1,185967044,0.963199,0.177048,0.000912628,0.0353541
35d686de-caee-4cc4-b61c-bf1d18ee933a,BLUEPRINT,IHECRE00001281.1,216111732,0.969824,0.375283,0.000852105,0.0343911
324a33f6-c7c4-4554-8477-bdbf8a44ef0e,BLUEPRINT,IHECRE00001284.1,206464074,0.972173,0.366511,0.00236592,0.0440553
b1b9da7b-1559-4acd-a66b-9923db54b037,BLUEPRINT,IHECRE00001297.1,241164930,0.973591,0.175356,0.00102741,0.0456895
6a85401d-40aa-4dc9-8443-aedd07c56333,BLUEPRINT,IHECRE00001306.1,188789344,0.961217,0.371622,0.00100746,0.0407311
aeed4422-ede2-4e89-b053-c37821fafea2,BLUEPRINT,IHECRE00001307.1,171427010,0.972596,0.292138,0.000404458,0.0297353
97611299-a261-47d4-a6a3-9b32916ab9fe,BLUEPRINT,IHECRE00001311.1,121003087,0.959066,0.736891,0.00047128,0.046059
b7a5a4fb-51ec-4671-b0c9-b3602bc74ff3,BLUEPRINT,IHECRE00001315.1,205336948,0.963151,0.137033,0.000651098,0.0613791
92160c68-f731-4086-8cd5-55431a4dd501,BLUEPRINT,IHECRE00001316.1,103196430,0.980555,0.722911,0.000883804,0.0377392
b59e9cdb-3b95-4845-b9a9-945600280161,BLUEPRINT,IHECRE00001319.1,95654714,0.976103,0.602395,0.000592531,0.0331664
b406188f-ba66-438b-8a33-ce40ef5555d0,BLUEPRINT,IHECRE00001320.1,201665246,0.94634,0.314756,0.000444227,0.0206567
9d1b18aa-7077-403c-bd9d-2f785eb33747,BLUEPRINT,IHECRE00001326.1,207478734,0.969396,0.466585,0.000177493,0.0217012
934e65eb-4e7c-4877-ab35-f0b9fdff2925,BLUEPRINT,IHECRE00001331.1,233727012,0.983483,0.537454,0.000238852,0.0136879
1ee30098-2d1d-446a-a261-0063b27e9124,BLUEPRINT,IHECRE00001335.1,204144584,0.982963,0.529816,0.000720758,0.0170181
f89a017d-081c-4cf3-ae50-e75a3c8e0c99,BLUEPRINT,IHECRE00001338.1,176630232,0.984274,0.449328,0.000679374,0.0132202
8b467850-cbe3-43ed-a90b-77bfb840ec2b,BLUEPRINT,IHECRE00001361.1,172481672,0.973399,0.30066,0.000589594,0.0349527
14e2f5db-f738-4a5f-88e3-55ec5e3a077e,BLUEPRINT,IHECRE00001375.1,205789328,0.981905,0.14664,0.000322385,0.0448373
c19de132-4a62-4193-951b-64812adff79c,BLUEPRINT,IHECRE00001378.1,215672442,0.973761,0.248065,0.000454885,0.0395465
ca835efa-a770-431f-aa30-7d78561b8d4a,BLUEPRINT,IHECRE00001379.1,224590322,0.966278,0.229957,0.000675367,0.0321246
51de2b76-348c-4a74-bd7e-cfa5f471b5bf,BLUEPRINT,IHECRE00001384.1,225418424,0.977076,0.392077,0.000284321,0.018784
688c2bc1-abfd-4acc-90e7-6a49b85ff1d9,BLUEPRINT,IHECRE00001387.1,176617020,0.958759,0.241071,0.00146391,0.0247927
849864ae-5463-43df-8cfe-903b87fa83aa,BLUEPRINT,IHECRE00001404.1,165456640,0.971784,0.316408,0.000548392,0.0358112
aab38a59-829c-479e-a028-16502b87cc5f,BLUEPRINT,IHECRE00001406.1,226491440,0.974413,0.146843,0.000431181,0.0468689
ce7b6d22-e5ca-41fd-9f83-70971325dde3,BLUEPRINT,IHECRE00001413.1,205402684,0.978999,0.373456,0.000863239,0.0298873
24ef6b0a-96f6-482d-a5e9-0ed7b42a3bb8,BLUEPRINT,IHECRE00001431.1,95982885,0.978267,0.539352,0.000478919,0.0364488
643a527a-eeeb-431a-b6e2-b44144798f01,BLUEPRINT,IHECRE00001439.1,220184066,0.977194,0.293259,0.00136653,0.0275693
a16ba2d6-085d-4d65-a5b9-5d2330c0ce09,BLUEPRINT,IHECRE00001440.1,187333926,0.977925,0.508633,0.000420817,0.0141653
62d7a8d4-3ff1-4cda-9234-6a8e073ba54f,BLUEPRINT,IHECRE00001447.1,224112798,0.970338,0.226621,0.00113254,0.0498915
4894f9aa-cddd-4c4a-b38e-8ee54c78979d,BLUEPRINT,IHECRE00001453.1,201881208,0.97806,0.332349,0.000790197,0.0302796
80643ce2-2985-44c7-9a92-60f83c00f8bb,BLUEPRINT,IHECRE00001457.1,204556850,0.969213,0.297737,0.0013252,0.0262029
c356f174-0e37-4692-9714-baf84f6277e0,BLUEPRINT,IHECRE00001458.1,168637360,0.968488,0.34366,0.00185669,0.0726673
94ed43b4-7cb6-4543-905e-2b20313dec06,BLUEPRINT,IHECRE00001459.1,219032340,0.974247,0.215944,0.000558527,0.0422167
eeb84774-810e-46a9-a34b-b3ca29a47aeb,BLUEPRINT,IHECRE00001460.1,251540696,0.976642,0.16451,0.00090509,0.0362929
dbe740b4-fe58-40fc-82bd-d77838fbc201,BLUEPRINT,IHECRE00001467.1,246356344,0.971585,0.265605,0.00227719,0.0365547
4c8bd81d-f7d5-420c-8bbd-b56e6ae05bd1,BLUEPRINT,IHECRE00001471.1,217530064,0.981408,0.49618,0.000892088,0.00954053
7f5caabc-97e0-40e8-b946-f4d431791534,BLUEPRINT,IHECRE00001478.1,227240728,0.974971,0.212587,0.000600461,0.0421254
aa8a2201-9cf8-441a-81ff-0b1624ae4809,BLUEPRINT,IHECRE00001482.1,191660044,0.9629,0.416706,0.000535905,0.0268701
89e92462-0165-4860-8723-16298f8c987e,BLUEPRINT,IHECRE00001483.1,210983634,0.982559,0.55937,0.000707435,0.0158851
c7444c1a-4fff-4f79-a5fd-22a30bda0632,BLUEPRINT,IHECRE00001486.1,198547978,0.947437,0.560297,0.000959866,0.0474759
6717b7d3-0766-4884-89d0-c443404ac8d1,BLUEPRINT,IHECRE00001488.1,189550702,0.967976,0.566508,0.000975352,0.0392242
4d7c7eae-efbe-49b5-a8ad-09cb992b52d0,BLUEPRINT,IHECRE00001490.1,185273326,0.967338,0.260989,0.000985119,0.0231315
10db64a2-8c09-4e77-9b83-6875f5bc3efa,BLUEPRINT,IHECRE00001494.1,244340590,0.952199,0.257208,0.00248135,0.0652079
894a92e9-b2e8-4ec9-bd32-ba8b91c455f6,BLUEPRINT,IHECRE00001508.1,229528582,0.973642,0.32443,0.000572117,0.0360666
245a5c3e-c51e-45a5-9d9e-c61e90661357,BLUEPRINT,IHECRE00001509.1,214238434,0.974743,0.688612,0.000335143,0.0254586
74e22224-5e31-462b-851a-068cfce4c27b,BLUEPRINT,IHECRE00001516.1,408311126,0.961215,0.300925,0.00105416,0.0425637
0facd398-4d97-45b5-9c4e-529f64b8ba41,BLUEPRINT,IHECRE00001517.1,221100770,0.971078,0.437193,0.00101881,0.0343772
e3922a89-d431-483c-a875-364729abb5c9,BLUEPRINT,IHECRE00001518.1,187247162,0.974404,0.467079,0.000363017,0.0285799
62e03f60-2685-4034-aceb-a4f49bead1ef,BLUEPRINT,IHECRE00001524.1,225306762,0.976898,0.222644,0.00036753,0.0441621
b979e7ad-5422-4be0-9eae-2baa99376ff4,BLUEPRINT,IHECRE00001526.1,230352448,0.973831,0.230391,0.0017782,0.03709
f7644416-b848-4b48-b18f-3129a7493d7d,BLUEPRINT,IHECRE00001536.1,187195428,0.96759,0.332112,0.000515817,0.0440954
fbf0f631-2c70-43a2-98de-0e3e354f07e8,BLUEPRINT,IHECRE00001542.1,219041098,0.969344,0.257519,0.00104646,0.0367734
06f189de-5d7f-4221-9ace-b242d309ee0b,BLUEPRINT,IHECRE00001546.1,251691620,0.966754,0.353899,0.00112461,0.0236248
8a1e2a93-4595-4c72-9b17-505adedf976f,BLUEPRINT,IHECRE00001547.1,242354256,0.972544,0.20897,0.000504229,0.0435161
8c45a5df-29f6-4f9b-a5ef-22ed1fb15364,BLUEPRINT,IHECRE00001548.1,246868996,0.975018,0.333167,0.00121442,0.0263531
c0b7414a-2d95-48e9-adaa-1062f1fb2ff3,BLUEPRINT,IHECRE00001549.1,216447518,0.978592,0.266517,0.0013678,0.06993
ae1be674-0ac8-4e12-afbe-67d35c6e3f83,BLUEPRINT,IHECRE00001550.1,210866784,0.967721,0.4032,0.000801283,0.0262753
19d0722d-9a61-4b10-b4a2-7c6670a27485,BLUEPRINT,IHECRE00001554.1,224578580,0.976024,0.369936,0.00236155,0.0401773
b8ffd398-3b7c-4221-aa1e-e2b9dabe4d2d,BLUEPRINT,IHECRE00001555.1,181525900,0.980228,0.618025,0.000703143,0.0177327
a191a9a1-280c-4fb2-bb80-fc2764282365,BLUEPRINT,IHECRE00001557.1,201945722,0.97523,0.318227,0.00104148,0.0415178
ddbef51a-e2a6-4da6-ace3-d1230fab7ba6,BLUEPRINT,IHECRE00001558.1,167430764,0.969828,0.305661,0.000878876,0.0224811
bcfd060b-bca8-4fc2-a745-e2b76414b23b,BLUEPRINT,IHECRE00002158.1,114738590,0.975318,0.465826,0.0240273,0.0400894
2d17ca73-3c58-436c-8e83-af0f4d19dc4d,BLUEPRINT,IHECRE00002158.1,127320914,0.972199,0.171021,0.00130551,0.0238738
b5d1cb11-9019-4b31-84c5-9000b2853483,BLUEPRINT,IHECRE00002159.1,141287560,0.982111,0.260882,0.00190787,0.0332453
950684f9-8b88-4e9d-9a79-6736b9a71bb8,BLUEPRINT,IHECRE00002159.1,70320250,0.977986,0.138,0.00118019,0.0214445
79640cef-f422-4577-95f0-abc9d5ce5a1a,BLUEPRINT,IHECRE00002160.1,89801259,0.986032,0.63978,0.000909349,0.02724
d2503391-b5a9-4a80-89b6-3e807adb69d8,BLUEPRINT,IHECRE00002161.1,106503124,0.973893,0.325359,0.00268648,0.0437332
efe994af-c994-49be-8e3e-d86da8abcead,BLUEPRINT,IHECRE00002162.1,103687978,0.970086,0.335666,0.00389581,0.0398339
ba448584-16e7-4bfd-bb1c-789f3639fb5a,BLUEPRINT,IHECRE00002163.1,102208392,0.978264,0.215853,0.000889618,0.0307724
bd2ce19a-8b5c-47bc-9ab1-72c7435379e6,BLUEPRINT,IHECRE00002164.1,94748613,0.985524,0.619031,0.000289311,0.037799
1ef7ff9b-592d-477e-adaf-0b9f7efcf769,BLUEPRINT,IHECRE00002165.1,92205542,0.986155,0.568389,0.000944507,0.0289196
3681dfd0-9d50-4086-a279-189b7c3ee202,BLUEPRINT,IHECRE00002166.1,102544946,0.976667,0.62161,0.00127833,0.0257305
723b9132-8a64-4657-b23e-1eba271ea40d,BLUEPRINT,IHECRE00002168.1,86959420,0.986626,0.614648,0.000228424,0.0335146
501c9699-be86-4e3a-a241-d3beb8f68258,BLUEPRINT,IHECRE00002169.1,269802424,0.982724,0.401962,0.0131642,0.0385733
63226226-7084-4552-b09c-6318d85eefee,BLUEPRINT,IHECRE00002169.1,54683336,0.970577,0.10422,0.000980454,0.026487
dcff7cc9-0683-4e58-93e3-8dff03e0e0da,BLUEPRINT,IHECRE00002170.1,73748275,0.984776,0.577074,0.000472988,0.0277351
31fa2d94-a2f8-478a-b703-b3426d626f45,BLUEPRINT,IHECRE00002171.1,106473190,0.98614,0.586723,0.000491002,0.0274329
87a25f33-ae9f-4d4d-8994-091e2ecdc00f,BLUEPRINT,IHECRE00002172.1,86775205,0.9868,0.581007,0.000420368,0.0249269
42694d11-2963-4144-bad2-97046ddd7dde,BLUEPRINT,IHECRE00002173.1,97965803,0.983853,0.623382,0.000615694,0.0374343
6d79abf6-c06f-4218-be44-f6f599b2c327,BLUEPRINT,IHECRE00002174.1,88517246,0.987942,0.676361,0.000693048,0.0273072
0117dd65-6110-4db9-9f9b-99ce5b817833,BLUEPRINT,IHECRE00002175.1,89313290,0.977966,0.660183,0.000219771,0.0356072
218c9bee-d259-4a75-a1ce-fdde0897995e,BLUEPRINT,IHECRE00002176.1,117377832,0.97877,0.181319,0.0015985,0.0236827
3d8e8a3b-4731-453b-9d26-946aaec8fd4f,BLUEPRINT,IHECRE00002176.1,138071996,0.97457,0.396093,0.0142932,0.0380127
bb6616c4-9c27-4a4c-af45-145b191ead95,BLUEPRINT,IHECRE00002177.1,99278113,0.982832,0.594715,0.000668182,0.0272843
5465ece5-f446-430c-a690-fb1e52a6e3b6,BLUEPRINT,IHECRE00002178.1,90960391,0.984473,0.617281,0.000374503,0.0322129
8e0b1df1-628e-426f-91fd-b7f532dfb0ba,BLUEPRINT,IHECRE00002179.1,101644851,0.975539,0.584777,0.000892904,0.0319949
30b0fc10-9e83-4f84-8a7b-01f59429dfe5,BLUEPRINT,IHECRE00002180.1,87043452,0.978746,0.247864,0.0028064,0.0336937
519c4474-7604-4dd7-a8fd-5d42f41e7103,BLUEPRINT,IHECRE00002181.1,116948836,0.980492,0.205617,0.000818227,0.0333308
664bf571-c976-4ee4-8d8b-8f53071bf4d7,BLUEPRINT,IHECRE00002182.1,80742062,0.959264,0.227069,0.00160991,0.0322921
e34997cf-cf99-46f1-a178-91d0957a7225,BLUEPRINT,IHECRE00002183.1,84683084,0.982191,0.618987,0.000188085,0.0354597
7cab5f90-b924-4c52-97ee-35507e0a2200,BLUEPRINT,IHECRE00002184.1,92077973,0.976766,0.556081,0.00209691,0.0305453
f1d6cbcb-701f-45b4-8598-831847f98703,BLUEPRINT,IHECRE00002185.1,120869400,0.972164,0.239019,0.00113503,0.0330047
f05a3b76-4f80-43c9-91ea-04cec274935d,BLUEPRINT,IHECRE00002186.1,108879588,0.986482,0.604313,0.000757776,0.0309082
4e81817c-df55-4af2-b460-2d309e3935c1,BLUEPRINT,IHECRE00002187.1,100759023,0.986234,0.646066,0.000295174,0.0356753
a643c2d0-a71f-488a-a0d9-d633b7e69692,BLUEPRINT,IHECRE00002188.1,85227474,0.987556,0.627426,0.000419417,0.0347265
0dd9c3af-d223-42b2-b3f7-4609fdbcc0b5,BLUEPRINT,IHECRE00002189.1,94190216,0.97923,0.646928,0.000676769,0.0251796
2efc21fa-f8e2-4400-9c83-378ff789f381,BLUEPRINT,IHECRE00002190.1,105989336,0.977927,0.134287,0.000822838,0.03746
dea53c29-3e4e-4d39-ba9f-bd3b6db8149c,BLUEPRINT,IHECRE00002191.1,110714822,0.981631,0.24438,0.0044371,0.0377351
b82e269b-b0ef-4ef2-9280-f4528b0db49b,BLUEPRINT,IHECRE00002191.1,74668742,0.978653,0.150668,0.00201774,0.023496
d6f4128b-4cbf-468c-92b4-dbb0d8a1e396,BLUEPRINT,IHECRE00002192.1,104002263,0.981236,0.658704,0.000176706,0.0344985
4a7762b0-13b2-40e3-b80a-b0c08817aafe,BLUEPRINT,IHECRE00002193.1,89489732,0.980459,0.636678,0.000233152,0.0485682
0946d22c-8500-485b-8c3c-8cdc9e331e7d,BLUEPRINT,IHECRE00002194.1,103278252,0.964775,0.245587,0.00174297,0.032883
9d8f278a-6cd5-4c57-a670-c3626214590e,BLUEPRINT,IHECRE00002195.1,86779803,0.986882,0.637958,0.00131503,0.0261225
b77f2f76-9940-483e-9072-bb50e21f58dc,BLUEPRINT,IHECRE00002196.1,109241272,0.969875,0.227631,0.000917797,0.0298347
e2dd9ceb-2cc9-4951-b9f9-89a4edb7f8c6,BLUEPRINT,IHECRE00002197.1,110802820,0.974898,0.345574,0.00508892,0.0403852
7d8f683b-6edf-4001-ac11-8932a86688db,BLUEPRINT,IHECRE00002198.1,95555270,0.987448,0.662036,0.000323414,0.0351886
8bf47091-2713-4f17-bcd9-10a31399d19b,BLUEPRINT,IHECRE00002199.1,113132978,0.983878,0.265217,0.00297668,0.0369624
590ffcec-b60d-47f8-b8f1-4f13e087093a,BLUEPRINT,IHECRE00002200.1,75565203,0.966911,0.772498,0.00108363,0.0299501
13b906f9-2d5f-4cc2-ad77-46977bf41835,BLUEPRINT,IHECRE00002201.1,114306716,0.973629,0.317683,0.00105741,0.0300733
c520425f-c033-4277-82b6-d9e34fee7bba,BLUEPRINT,IHECRE00002202.1,99710542,0.984456,0.638573,0.001348,0.0274392
e7264252-122f-49ad-9dfd-e83f5aea5ddd,BLUEPRINT,IHECRE00002203.1,156055224,0.968068,0.20535,0.0015847,0.0227791
d35e00e8-7fef-42cc-8986-9a57f5f38a1a,BLUEPRINT,IHECRE00002203.1,93070076,0.972946,0.199693,0.00203633,0.0385902
36964ac8-6c7f-4394-841c-b28875eb290b,BLUEPRINT,IHECRE00002204.1,93335187,0.987914,0.625166,0.000303621,0.0342205
0cfedea6-8a41-4ed4-a519-78b143ce3e9c,BLUEPRINT,IHECRE00002205.1,99007784,0.986142,0.619227,0.000778875,0.0284271
d5319b2b-20bb-4304-bc00-59ec543e048c,BLUEPRINT,IHECRE00002206.1,89860440,0.985928,0.570728,0.00115482,0.0294697
1c01e457-0fe6-4bbe-96fd-d2525c48c6e6,BLUEPRINT,IHECRE00002207.1,102394030,0.973993,0.308306,0.00321756,0.032224
3b0581a3-3b37-4f0e-ba50-534f04f44673,BLUEPRINT,IHECRE00002208.1,76010826,0.974929,0.565329,0.00108161,0.0291061
700baf8e-c472-48fa-84e6-8e9229548052,BLUEPRINT,IHECRE00002209.1,106568349,0.791438,0.579997,0.00168473,0.0257793
3bbdd9fc-0747-4147-81bd-481d6405c736,BLUEPRINT,IHECRE00002210.1,100676268,0.985994,0.641074,0.000667005,0.0390162
440b9c9b-bdab-4ab9-946d-2b62ea2a847b,BLUEPRINT,IHECRE00002211.1,110823286,0.971537,0.234389,0.0013443,0.034126
158fbd9b-753c-473b-b175-36011ea2df54,BLUEPRINT,IHECRE00002212.1,110475109,0.823947,0.60776,0.000793634,0.0297948
fa038e30-acfd-4aa3-bae4-8cf473938189,BLUEPRINT,IHECRE00002213.1,102041839,0.987382,0.61901,0.000134327,0.0333942
045ee347-08cb-4866-83c5-298d8a8caab0,BLUEPRINT,IHECRE00002214.1,105342565,0.983764,0.598424,0.000935896,0.0278121
a3d57faf-4127-429a-aec7-735ffa148f2a,BLUEPRINT,IHECRE00002215.1,102068120,0.987061,0.641434,0.000282012,0.0363353
16d73420-6762-4589-bf2c-ccdae92eb14e,BLUEPRINT,IHECRE00002216.1,102766955,0.984739,0.680311,0.000912443,0.0316222
a12514b9-9358-4c22-a23d-1c05ee8640eb,BLUEPRINT,IHECRE00002217.1,107416637,0.862081,0.585165,0.000744661,0.0323208
f0c9e692-d72e-4f17-93af-7b7aed51ca93,BLUEPRINT,IHECRE00002218.1,97600126,0.985134,0.611643,0.000239836,0.0367148
4f76d3e8-fecc-47a0-835b-36ad6100ccf9,BLUEPRINT,IHECRE00002219.1,42426015,0.987363,0.473784,0.000584031,0.0273724
275e63b1-013f-4fbd-8580-5a545a269c89,BLUEPRINT,IHECRE00002220.1,99533754,0.986033,0.648178,0.000774549,0.0280261
05b991dc-ce31-4116-8155-a62f9233f166,BLUEPRINT,IHECRE00002221.1,92867100,0.978797,0.194644,0.00160527,0.0356598
dc61082f-331f-4d94-841c-1249152000c6,BLUEPRINT,IHECRE00002222.1,82502038,0.986428,0.692808,0.00061925,0.0284375
d54c82bb-7f1e-4005-8e61-9408ab582fc3,BLUEPRINT,IHECRE00002223.1,91951722,0.988805,0.643417,0.000620585,0.0330391
2c0f3f0f-a3a9-4ef4-a235-89f9cd3b4a8f,BLUEPRINT,IHECRE00002224.1,88570374,0.98174,0.627835,0.000173024,0.0403342
f42f1956-8663-42d4-aa40-d5899b254a90,BLUEPRINT,IHECRE00002225.1,91526798,0.965127,0.219594,0.00177301,0.032204
f327df63-5b0b-4ffd-8a87-2e36d7705296,BLUEPRINT,IHECRE00002226.1,100541156,0.975658,0.190774,0.000544469,0.0334859
d90f6d95-97c5-4f1a-b253-4595f703fdd8,BLUEPRINT,IHECRE00002228.1,74937466,0.985991,0.575934,0.000423115,0.0272952
63aaef8e-25fc-42f9-98e2-0589a7367923,BLUEPRINT,IHECRE00002229.1,85527889,0.986758,0.6222,0.000533098,0.0339053
fe33b16b-e906-47ce-9a82-c9d9d146465b,BLUEPRINT,IHECRE00002230.1,96517524,0.978489,0.671732,0.00030151,0.030123
e0e59e82-0415-4914-869d-5b645dea25d7,BLUEPRINT,IHECRE00002231.1,86464645,0.986146,0.639132,0.000601969,0.0338783
169e5a52-a981-48b9-a15c-32c47937d6af,BLUEPRINT,IHECRE00002232.1,95501776,0.975536,0.248579,0.000776071,0.033386
dcfb0fdf-ccc8-4c6e-8f31-66b576f3d757,BLUEPRINT,IHECRE00002233.1,107443251,0.986181,0.692811,0.00164382,0.0279866
591e83ff-2bf0-4180-bfce-e26223d98a23,BLUEPRINT,IHECRE00002234.1,96179668,0.982921,0.630448,0.000323418,0.0354646
50f19661-8a57-498d-9ab8-eb962dbc3404,BLUEPRINT,IHECRE00002235.1,85679191,0.985241,0.618864,0.000482014,0.0353413
a17d842f-ba0e-4a27-b2dc-53e04f2e0042,BLUEPRINT,IHECRE00002236.1,88422616,0.972731,0.222935,0.00162097,0.0316765
aefab4da-3926-4401-837e-2f78b0c49d4f,BLUEPRINT,IHECRE00002237.1,119763582,0.981546,0.434071,0.00746004,0.0396078
2862707e-14dc-4159-9f48-1fc3851eda19,BLUEPRINT,IHECRE00002238.1,88915127,0.988526,0.61074,0.0020483,0.0275206
983128f3-8283-474d-98f8-643e148dcec4,BLUEPRINT,IHECRE00002239.1,98342667,0.986884,0.655321,0.000304803,0.0333634
a2672741-1eab-438b-9641-cca2fcb5cc9e,BLUEPRINT,IHECRE00002240.1,101119826,0.978937,0.38192,0.00592317,0.0465813
a07d978a-54f0-4e15-99ab-e11779bf2104,BLUEPRINT,IHECRE00002241.1,114811852,0.975032,0.21591,0.000911062,0.0328795
38de6f56-ce7b-4df1-8294-3e073cf3af8b,BLUEPRINT,IHECRE00002242.1,85050585,0.987857,0.677577,0.000451011,0.0335587
6b5efdd4-4907-44a9-af0c-eaa64c0d51b5,BLUEPRINT,IHECRE00002243.1,97653360,0.986815,0.589209,0.000503778,0.0298669
3a12e9ea-fe12-4f31-bcb9-8d5b5b47c856,BLUEPRINT,IHECRE00002244.1,88982333,0.981834,0.629934,0.000827852,0.0336311
b88330e1-9157-4785-86d0-7185a06bb166,BLUEPRINT,IHECRE00002245.1,76070520,0.97703,0.721981,0.000968756,0.0364987
03d5be7a-c48d-4939-9b09-c6b487b683c4,BLUEPRINT,IHECRE00002247.1,97255985,0.981111,0.616186,0.00114523,0.0262164
4edc1585-deec-44bc-a2f6-e60b4431820e,BLUEPRINT,IHECRE00002248.1,88987643,0.987317,0.622377,0.000254681,0.0364732
6ea8203a-5465-421e-8e72-2c3a89f0093c,BLUEPRINT,IHECRE00002249.1,105685860,0.986087,0.656275,0.00039402,0.0307317
4d1d6709-aa0d-424d-abd3-c85f13d209f8,BLUEPRINT,IHECRE00002250.1,91707001,0.983856,0.628901,0.00105292,0.0279478
aa38999a-c9f9-4482-9acd-0d00e98d07e9,BLUEPRINT,IHECRE00002251.1,90799235,0.983857,0.627806,0.000226354,0.0351568
e939dddc-2200-4d2e-a85b-31549cee7acf,BLUEPRINT,IHECRE00002252.1,97803923,0.986029,0.612253,0.00222346,0.0297646
e8de3698-df75-4d54-b02a-23ec8e46b90b,BLUEPRINT,IHECRE00002253.1,105786178,0.970239,0.23374,0.00177633,0.032819
2e4dee34-80ec-4337-8547-0dbb2093a37d,BLUEPRINT,IHECRE00002254.1,75613315,0.985741,0.637653,0.000767759,0.0361948
cdcccdfa-f8d7-4bb1-ac77-5bb3c5d2ba82,BLUEPRINT,IHECRE00002255.1,85696131,0.987096,0.612372,0.000459414,0.0305966
7016fd92-2ed3-4f05-ad0a-ef1487a48979,BLUEPRINT,IHECRE00002256.1,100644756,0.986383,0.63515,0.0010981,0.0264678
c538c16b-78bd-4730-8e2b-42066e1252d6,BLUEPRINT,IHECRE00002257.1,84871267,0.982054,0.584457,0.000867889,0.0261784
63b79111-1698-463d-9e56-031c6d9ba184,BLUEPRINT,IHECRE00002258.1,100179740,0.983176,0.307557,0.00919758,0.0331889
0ac66f21-3066-42f4-8456-e2b47f9b9d85,BLUEPRINT,IHECRE00002259.1,108309144,0.985588,0.640275,0.000293878,0.0362871
5d8e364a-7e91-4702-aceb-9629512b7217,BLUEPRINT,IHECRE00002260.1,108710748,0.977783,0.239066,0.000631391,0.0304833
42d7bd7a-4695-439a-934c-d04f240fadb2,BLUEPRINT,IHECRE00002261.1,87799568,0.986591,0.605597,0.000164069,0.031967
1e4ad50a-d24a-4143-990d-10361b0642a0,BLUEPRINT,IHECRE00002262.1,98425490,0.984404,0.586239,0.00153596,0.0276821
3dce60e4-1aa3-46ed-b0d8-62f49eba925c,BLUEPRINT,IHECRE00002263.1,96541774,0.973398,0.222079,0.000886579,0.031726
c1dac4da-b0e0-48e1-9de5-89535e47455b,BLUEPRINT,IHECRE00002264.1,92866370,0.979569,0.639335,0.000117095,0.0407618
75fede15-6b8b-4a2f-a08f-baf2f31f2ce1,BLUEPRINT,IHECRE00002265.1,97352290,0.98266,0.606505,0.000360469,0.0386347
e1ff88a8-7c12-45bd-b46a-3ca056466014,BLUEPRINT,IHECRE00002266.1,77925458,0.985878,0.601467,0.000425643,0.024767
fa255e96-ccc1-4d39-93fe-1c4187fec5c3,BLUEPRINT,IHECRE00002267.1,86938926,0.987212,0.616026,0.000656867,0.0338268
79af640d-7a6e-44af-8a04-c7776aabae5e,BLUEPRINT,IHECRE00002268.1,89394049,0.986365,0.574045,0.000741978,0.0277211
2e15b554-3269-463d-8452-30ebe8228067,BLUEPRINT,IHECRE00002269.1,87584690,0.980788,0.626627,0.000240146,0.0351414
bcd1e43f-afba-4227-9914-6f8e04dffe60,BLUEPRINT,IHECRE00002270.2,108258315,0.97475,0.653713,0.000210112,0.0335909
19873f4b-b0d7-45ce-af17-1e970293f4b8,BLUEPRINT,IHECRE00002271.1,160117206,0.984567,0.347544,0.00791006,0.0392896
d4030250-b989-43c6-b92a-52117257bb70,BLUEPRINT,IHECRE00002271.1,66626002,0.970025,0.138999,0.00131054,0.0220543
8b3643a6-bfc2-4cdb-8af7-5373bc315522,BLUEPRINT,IHECRE00002272.1,101125510,0.974041,0.182293,0.000826788,0.0356188
44ef3b1d-3746-49cf-9855-fcf04ac6d682,BLUEPRINT,IHECRE00002273.1,121128484,0.974047,0.166957,0.00150251,0.0220211
ee3b4506-18a0-4813-963c-27a24c37461c,BLUEPRINT,IHECRE00002273.1,63724032,0.975564,0.461476,0.0238687,0.0386384
64ea1fc6-547e-4b1d-8b7b-729e8d152b63,BLUEPRINT,IHECRE00002274.1,98971544,0.977615,0.607447,0.000211139,0.0406729
1801fd58-f056-437a-a2fc-1214c959fb5b,BLUEPRINT,IHECRE00002275.1,102746690,0.986754,0.624356,0.000912752,0.025451
2ae623a5-8a1c-41d3-a52e-51d7dff65456,BLUEPRINT,IHECRE00002277.1,91023977,0.979169,0.630972,0.000159995,0.0337563
5d77f3b3-775c-4883-9eb1-3fcfea65e625,BLUEPRINT,IHECRE00002279.1,107590216,0.987262,0.634446,0.000973971,0.0265681
d6572037-3c6c-49a0-bae0-52c217340723,BLUEPRINT,IHECRE00002280.1,97427251,0.977811,0.597156,0.000613423,0.0265227
29253530-c909-4281-aa43-aa5f0d5540c3,BLUEPRINT,IHECRE00002281.1,91815406,0.98624,0.576316,0.000989376,0.0306503
52992d56-2c4e-4cd7-9933-fed5f14f7be1,BLUEPRINT,IHECRE00002282.1,115921574,0.909689,0.607799,0.000483231,0.0303887
2334631b-3f80-438d-950d-9c0c3460d1d3,BLUEPRINT,IHECRE00002283.1,100411628,0.986057,0.610979,0.00145557,0.0293874
a1dfa1e8-b3ae-480e-9735-38321b563bd7,BLUEPRINT,IHECRE00002284.1,95860885,0.978588,0.61334,0.000220247,0.0346168
3ee7ff78-f378-4b88-a232-56b5a7217f0d,BLUEPRINT,IHECRE00002285.1,78607172,0.979148,0.761505,0.000316378,0.031105
252b69bb-07f4-425d-b84f-a4e3a65db804,BLUEPRINT,IHECRE00002286.1,96242421,0.982093,0.598945,0.000157862,0.0382646
6beda00a-414a-414a-9f3a-95c6e19088ab,BLUEPRINT,IHECRE00002287.1,104788528,0.979086,0.221087,0.000837871,0.0328229
7b727b50-1167-4406-ba71-f7a6c039c40e,BLUEPRINT,IHECRE00002288.1,91659174,0.982188,0.54138,0.00084494,0.0293226
28fe78c3-bf39-4f38-a8ef-3274845965e1,BLUEPRINT,IHECRE00002289.1,83428365,0.987408,0.589632,0.000296233,0.0381792
9bda000a-33fa-4271-bbfb-0a1977888217,BLUEPRINT,IHECRE00002290.1,105804300,0.972452,0.241875,0.00189988,0.0352028
4a3392f1-fd69-4b86-91fc-f6ee164a8901,BLUEPRINT,IHECRE00002291.1,82374866,0.979224,0.61854,0.000407322,0.0314319
25d9a906-1a17-41b2-8a38-4f018b3747e8,BLUEPRINT,IHECRE00002292.1,84870073,0.988729,0.636678,0.000825946,0.0361913
6612e2fd-7e9a-42fa-93e0-f04612174451,BLUEPRINT,IHECRE00002293.1,98265306,0.984792,0.619144,0.000343822,0.0357778
7ada6ae8-7a4d-4324-be99-f33b4b119fde,BLUEPRINT,IHECRE00002294.1,95728714,0.987038,0.596739,0.00106297,0.031021
e7f3079a-98e8-411e-8f66-9247a397395e,BLUEPRINT,IHECRE00002295.1,108438458,0.975171,0.24667,0.00220584,0.0334744
a2426a96-1ae2-4680-aa1a-134a80a4a6b4,BLUEPRINT,IHECRE00002296.1,95871035,0.980639,0.591929,0.0012359,0.0265748
d1da80b5-6bff-42e0-809b-8fed78edac2c,BLUEPRINT,IHECRE00002297.1,121669162,0.981395,0.21453,0.00197016,0.0326847
19ad7a5c-78ea-4029-be3a-298facfb459c,BLUEPRINT,IHECRE00002298.1,99673312,0.971141,0.495795,0.00810364,0.0485889
fd1708dd-f8f0-408c-bbf0-fdecfede9c61,BLUEPRINT,IHECRE00002299.1,95235755,0.988477,0.650608,0.000571818,0.0353391
7473ff16-861e-4ace-a766-e1e7d9dbdcf1,BLUEPRINT,IHECRE00002300.1,113048288,0.97706,0.187891,0.00160517,0.0354872
d624b35a-000e-4d3c-aa68-a66218b9067f,BLUEPRINT,IHECRE00002301.1,101480263,0.976955,0.594825,0.00120504,0.0278303
29473459-c126-4f8b-8e0a-6b035d8b8438,BLUEPRINT,IHECRE00002302.1,93756481,0.986588,0.569334,0.00107312,0.0267196
f0c6e37f-f6d5-477b-b82d-bb42660a6d22,BLUEPRINT,IHECRE00002303.1,90861226,0.985502,0.643001,0.00028749,0.0328679
88ed6442-b57e-4069-b5e2-e92843261f17,BLUEPRINT,IHECRE00002304.1,79597974,0.987501,0.563432,0.000745683,0.0292709
de61329b-178a-4d5f-89a1-f42656ddafef,BLUEPRINT,IHECRE00002305.1,84991339,0.988044,0.574032,0.000840963,0.031165
add19ef7-5bf7-46ca-8a84-94f7436952af,BLUEPRINT,IHECRE00002306.1,94703971,0.98769,0.637626,0.000307938,0.034789
1ecd1f7c-067e-40d5-a520-9d0eb5bb4cdf,BLUEPRINT,IHECRE00002307.1,110941930,0.979202,0.321484,0.00371133,0.0399418
2a46b899-a71b-446c-9a56-808611c97d14,BLUEPRINT,IHECRE00002308.1,92302940,0.984537,0.566583,0.00157544,0.0320703
371a3fd5-4c13-4f23-9a54-b9a1cf049dcf,BLUEPRINT,IHECRE00002309.1,108315888,0.974136,0.23089,0.00140553,0.0333631
b48a92c2-bcd6-4364-8a79-0851d5410cf6,BLUEPRINT,IHECRE00002310.1,83089095,0.981975,0.637916,0.000250627,0.0335754
43d63eb8-9d2c-480d-a19b-5d4f70247c39,BLUEPRINT,IHECRE00002311.1,96010262,0.972508,0.225948,0.00142883,0.0363532
c9b962c8-65a8-44ef-bf85-b63133be00f5,BLUEPRINT,IHECRE00002312.1,99528537,0.986338,0.569729,0.000866314,0.0259027
78158a7c-e265-4668-8b8b-e892d98a0714,BLUEPRINT,IHECRE00002313.1,106024507,0.986431,0.647245,0.000710718,0.02813
7a8d4d7f-67ef-4df3-9ae6-a6bb66d92004,BLUEPRINT,IHECRE00002314.1,84353118,0.985954,0.678537,0.000791119,0.0330921
5fa1ebe4-af7c-494a-bf54-e79a2d486aa1,BLUEPRINT,IHECRE00002315.1,85485782,0.986838,0.654016,0.000931679,0.0324073
195841c2-599b-4837-ac96-a09636b960ff,BLUEPRINT,IHECRE00002316.1,101518358,0.985644,0.608831,0.000872288,0.0298038
5de4b9fc-8c3d-4203-987e-44ffe20298ee,BLUEPRINT,IHECRE00002317.1,105345260,0.968374,0.431542,0.00702608,0.0415719
8e16982c-aa18-48ef-aed2-d5f6561aec69,BLUEPRINT,IHECRE00002318.1,114860042,0.971777,0.33983,0.00275488,0.0383308
853d3aa4-65bd-45eb-908e-807eb349c40d,BLUEPRINT,IHECRE00002319.1,97951930,0.96778,0.220369,0.00223716,0.0345574
a1e8e477-24bf-4ee2-9e21-e8b8827416bf,BLUEPRINT,IHECRE00002320.1,102945333,0.98536,0.672002,0.000878121,0.0312984
c77f6b73-b042-4974-b314-34a527d43aaa,BLUEPRINT,IHECRE00002321.1,94644194,0.986161,0.653873,0.000421377,0.0269509
ddb6250b-b658-43d5-8c8a-10653b2481e0,BLUEPRINT,IHECRE00002322.1,109226172,0.969849,0.215178,0.0016103,0.0327323
204a4383-1b3b-4c9f-a757-5987ce6590e7,BLUEPRINT,IHECRE00002323.1,96666286,0.987217,0.613485,0.000490922,0.0272863
40d8d6cf-cb7b-450f-838d-cbbf23ee59c9,BLUEPRINT,IHECRE00002324.1,102922386,0.981968,0.26265,0.00459775,0.0380066
6d572df8-84d0-4465-8182-20c05dacc4eb,BLUEPRINT,IHECRE00002324.1,72648256,0.963524,0.131509,0.00133858,0.0250925
212f21c1-9243-4203-8bad-0bbaae1bc9f5,BLUEPRINT,IHECRE00002325.1,101713835,0.982605,0.638336,0.000381351,0.0323134
300991f8-95f8-4613-bcd9-3450c9cd5029,BLUEPRINT,IHECRE00002326.1,117254328,0.970457,0.194007,0.00209465,0.0373853
def3b6cb-16ad-4a8b-97e7-b59b7da5904c,BLUEPRINT,IHECRE00002327.1,85104630,0.988109,0.632114,0.000962295,0.0338507
27efa3a6-87c0-4911-ba8e-fc99675441bc,BLUEPRINT,IHECRE00002328.1,88335480,0.98688,0.590248,0.000775851,0.0270112
9e247450-ed87-4a31-9358-8d7e5524dfb3,BLUEPRINT,IHECRE00002329.1,92999512,0.981985,0.587068,0.000937376,0.0272823
aaa4479a-293a-4b4c-adaa-d5a5a9856ae2,BLUEPRINT,IHECRE00002330.1,87768112,0.988223,0.585674,0.00101435,0.0260732
ec74cebc-2b99-4636-8f67-b231a1ce2eeb,BLUEPRINT,IHECRE00002331.1,91930046,0.987581,0.638158,0.000491164,0.0368727
7e7eac91-2ac9-4d44-936b-5a31183b4211,BLUEPRINT,IHECRE00002332.1,105848345,0.98463,0.636283,0.000924157,0.0255647
19c494bb-fda0-48d8-8b1e-7c44ce205dfc,BLUEPRINT,IHECRE00002333.1,104652960,0.971025,0.433847,0.0073537,0.0455776
61c6fe64-82d0-42af-9035-8616076917d6,BLUEPRINT,IHECRE00002334.1,37495962,0.986687,0.46763,0.00018926,0.0364771
2b0eae41-0efc-4adf-978e-77a58b0cc868,BLUEPRINT,IHECRE00002335.1,97684242,0.987286,0.576759,0.000559381,0.0261317
211868e1-9cf5-4d99-901b-658d7a8256e3,BLUEPRINT,IHECRE00002336.1,85942758,0.979662,0.653694,0.000288996,0.0359352
9041f499-8fc9-464b-a2f4-dc6b998fe91f,BLUEPRINT,IHECRE00002337.1,71251790,0.97739,0.574123,0.00147358,0.0276511
e8b1a996-5153-474e-ad6d-d9c60ae9efbd,BLUEPRINT,IHECRE00002338.1,95260911,0.987673,0.652064,0.000512559,0.0344089
8d7c2de7-d659-4d2b-9018-31720daabc06,BLUEPRINT,IHECRE00002339.1,88208916,0.986266,0.57858,0.000817783,0.0316096
40265bd2-ccc4-4a21-a535-b708722c2433,BLUEPRINT,IHECRE00002340.1,91406003,0.988468,0.598237,0.00128618,0.0322723
9dfcebce-9369-4e3b-8a3a-6867c7385822,BLUEPRINT,IHECRE00002341.1,97449741,0.985623,0.60654,0.000318817,0.0322568
ddd011dc-ac09-4313-92a0-383fe3975458,BLUEPRINT,IHECRE00002342.1,92695098,0.984781,0.634088,0.000955377,0.0279382
86727222-baab-45c1-8233-3881732d643e,BLUEPRINT,IHECRE00002343.1,98920444,0.985718,0.689354,0.000514175,0.0331536
26487302-0722-4932-bdcc-ec44e9512b43,BLUEPRINT,IHECRE00002344.1,112649534,0.982625,0.206741,0.00102993,0.0341017
bb122c08-615a-4a3d-9d70-bc09b551b11b,BLUEPRINT,IHECRE00002345.1,89914688,0.981344,0.600531,0.000177567,0.0406425
d85030e5-4d1a-46e0-9412-8e407e151d95,BLUEPRINT,IHECRE00002346.1,105527568,0.984456,0.557166,0.0525902,0.0421773
4fa44ad6-1b61-4dcf-91e2-0178505fb927,BLUEPRINT,IHECRE00002346.1,44701538,0.967718,0.0923144,0.00129258,0.0270706
b35d0345-5c64-4424-b171-b25641e5219f,BLUEPRINT,IHECRE00002347.1,98179402,0.980312,0.655348,0.000290961,0.0335071
072f7460-3585-4313-9c21-b23e5f86532f,BLUEPRINT,IHECRE00002348.1,92514857,0.979911,0.578522,0.00115221,0.0263421
99df5112-40ea-4283-8eb8-03c2d68436cd,BLUEPRINT,IHECRE00002349.1,88656492,0.989008,0.687737,0.000583335,0.0319018
5652007d-f4fe-49a5-982a-b2cfbb745387,BLUEPRINT,IHECRE00002350.1,101760386,0.985557,0.649214,0.000715481,0.0365036
de9ee341-bb06-44be-98c3-e38dcf74a36d,BLUEPRINT,IHECRE00002351.1,97509536,0.987855,0.60262,0.000608439,0.0255156
9c687461-4744-4a8c-b580-827f2036187b,BLUEPRINT,IHECRE00002352.1,108569206,0.980794,0.229143,0.000832951,0.0311091
ed623d0e-6d43-46cc-b9f2-ae1c7f8fb9ea,BLUEPRINT,IHECRE00002353.1,105717582,0.985938,0.631443,0.000205313,0.0357029
9d940651-547e-4b72-9228-7edf550bda7e,BLUEPRINT,IHECRE00002354.1,58719092,0.970048,0.128658,0.00120103,0.0223502
24285cfe-de68-4dcb-9851-d664c4d9232f,BLUEPRINT,IHECRE00002354.1,82259154,0.982426,0.246317,0.00422615,0.0375127
c273b287-0c61-4d81-8434-6b580d142935,BLUEPRINT,IHECRE00002355.1,142225188,0.976952,0.366462,0.0130516,0.037445
0eba217c-67e7-466e-bc31-4d057122dd2b,BLUEPRINT,IHECRE00002355.1,61695622,0.973346,0.119428,0.00132585,0.0249494
c48fcd12-9f88-4b40-89a8-ef644a4688a3,BLUEPRINT,IHECRE00002356.1,107571484,0.976086,0.205079,0.00142393,0.0350442
6717325e-5da6-46e9-b48e-9f01223a7527,BLUEPRINT,IHECRE00002357.1,112313322,0.9704,0.525449,0.0118846,0.0481915
0984a251-ce1c-470b-9f71-0d0be13a204b,BLUEPRINT,IHECRE00002358.1,92348688,0.98789,0.575844,0.000794516,0.0296741
eb09e3a7-1cd3-47c1-a312-5d64daa5e5ca,BLUEPRINT,IHECRE00002359.1,105078874,0.967062,0.240168,0.00186884,0.0327103
32e33b02-7155-4c04-83ef-622b5d1a1f9c,BLUEPRINT,IHECRE00002360.1,104372355,0.985268,0.585533,0.000519854,0.0281075
a5e03267-ad19-495a-b703-6887ea6ffa6a,BLUEPRINT,IHECRE00002361.1,106086556,0.985981,0.636183,0.00240415,0.027506
c0c7db1e-dd13-43ca-83e0-d63d80f1a8d1,BLUEPRINT,IHECRE00002362.1,106192728,0.985496,0.628233,0.000726567,0.0280284
9370f387-403b-481b-8237-ef20c49abcd3,BLUEPRINT,IHECRE00002363.1,87047156,0.985041,0.61218,0.00050242,0.0366825
cc33f565-4936-41ee-8b05-cba0c6162849,BLUEPRINT,IHECRE00002364.1,90102464,0.9876,0.57612,0.00111332,0.0263681
66a734f6-03dd-4538-a623-086c984b3b4f,BLUEPRINT,IHECRE00002365.1,84627629,0.982413,0.63577,0.000299546,0.0312765
2df828ef-a211-4898-b2b6-dc1f48d5f0c0,BLUEPRINT,IHECRE00002366.1,42623489,0.987002,0.450383,0.000487123,0.0398844
f3ce7a33-0221-4b36-8e51-11f35bb0345e,BLUEPRINT,IHECRE00002367.1,106292421,0.985642,0.669001,0.000589083,0.025337
7dc80a68-9346-4fa5-92b1-00fa5982a444,BLUEPRINT,IHECRE00002368.1,93131293,0.9872,0.633312,0.000293553,0.0362057
3651e194-452d-48ea-ba20-5d691be7c491,BLUEPRINT,IHECRE00002369.1,112278108,0.984827,0.644185,0.000341995,0.0357945
baeeb843-ccf1-4892-b39c-c98c2dc78a8e,BLUEPRINT,IHECRE00002370.1,100509773,0.985127,0.680801,0.000680605,0.0275343
2d94069a-8193-4c35-9801-ed73b9c044ee,BLUEPRINT,IHECRE00002371.1,92973152,0.970948,0.274037,0.00206682,0.0292087
6885d894-c534-48ca-9bfb-45be5e348ef8,BLUEPRINT,IHECRE00002372.1,94044654,0.984147,0.380858,0.0193568,0.0339352
2eff039d-438a-4e14-a50d-72600ce6c156,BLUEPRINT,IHECRE00002373.1,69645739,0.975266,0.733429,0.00323382,0.0381383
6ca94f4e-35b0-4dfd-ae2a-aba4c2659b81,BLUEPRINT,IHECRE00002374.1,99993692,0.984239,0.62249,0.000230639,0.0379272
2e00c834-4d85-4c3f-9d6a-ee1f9c0ae419,BLUEPRINT,IHECRE00002375.1,93194653,0.979111,0.597657,0.00115357,0.0291438
bb8c152b-6f36-4b01-a023-f7103a1e0d1f,BLUEPRINT,IHECRE00002376.1,87818149,0.980079,0.588056,0.000367567,0.0254077
f24cbc5e-e641-4dde-befd-33cfa072c23c,BLUEPRINT,IHECRE00002377.1,36040414,0.986938,0.511688,0.000386538,0.0333487
4a730938-bc19-4cb8-9852-a413b3e25619,BLUEPRINT,IHECRE00002378.1,93625793,0.986792,0.598623,0.00015215,0.0365968
a35bcfba-d894-4096-903e-36bf9a044085,BLUEPRINT,IHECRE00002379.1,97587637,0.985342,0.68454,0.000296317,0.0340407
d0c12b43-0ddb-42ef-ae8e-03680f89bec0,BLUEPRINT,IHECRE00002380.1,87434266,0.968542,0.25823,0.00185224,0.0333123
f8668303-3127-461f-a167-167951a809e2,BLUEPRINT,IHECRE00002381.1,117885442,0.983119,0.292894,0.00958211,0.0372262
543165cc-1d1e-401a-9922-6e649f121ad3,BLUEPRINT,IHECRE00002381.1,59004278,0.968306,0.108685,0.00120464,0.0237664
474a4282-2ba8-4c88-b667-9a7c9dddb1c2,BLUEPRINT,IHECRE00002382.1,110041899,0.988206,0.661384,0.000127446,0.0310283
e71aed4b-eea8-42cb-a3f3-3055621db924,BLUEPRINT,IHECRE00002383.1,92336355,0.977164,0.557179,0.00148628,0.0276511
511b15ab-27fd-4c85-b126-0500d39b78b6,BLUEPRINT,IHECRE00002384.1,51645018,0.986676,0.566919,0.00037775,0.0360805
a046a6a4-029d-469e-83b1-bf050ce337f7,BLUEPRINT,IHECRE00002385.1,111135034,0.966697,0.252943,0.00120328,0.028446
9805fdf6-07f2-4b6d-bf98-7eb4a22e3e7c,BLUEPRINT,IHECRE00002386.1,124299760,0.983914,0.294338,0.00733511,0.0396333
f46c0e24-2ab8-4dc2-a996-1ce5600db664,BLUEPRINT,IHECRE00002386.1,64114434,0.966651,0.137626,0.0016143,0.0232027
d27c96de-1cbd-4b85-8d53-c3c13888784f,BLUEPRINT,IHECRE00002387.1,110650088,0.974807,0.2122,0.000522888,0.0314905
2dd35740-ab3d-49a9-9d88-2d1576d23b53,BLUEPRINT,IHECRE00002388.1,95231858,0.985092,0.710127,0.00115124,0.0280581
02aed09f-41c2-4e6b-bb36-37bdae7c10bc,BLUEPRINT,IHECRE00002389.1,76652333,0.975593,0.556493,0.000829149,0.0307524
3234442a-130f-406c-ace4-8fc9cdc18cb8,BLUEPRINT,IHECRE00002390.1,98949945,0.977947,0.621235,0.000470993,0.0338057
bf2f6e61-19a6-4aa6-a2ce-9e49f33b9a46,BLUEPRINT,IHECRE00002391.1,106746334,0.972267,0.192571,0.000705645,0.0358774
a60f3348-80e2-44ac-b4a6-8f9a5b3a319b,BLUEPRINT,IHECRE00002392.1,104981410,0.981789,0.230862,0.00146978,0.0348005
7e2f7f4d-43f2-43ef-9668-228fd34d6de4,BLUEPRINT,IHECRE00002393.1,82616049,0.984057,0.579408,0.000934809,0.0303309
b90e7e7d-85d2-4133-b655-b2817376c673,BLUEPRINT,IHECRE00002394.1,111796202,0.980508,0.327645,0.00654028,0.0401525
9b0bab4b-6611-43b9-a49e-39eff8c9e4aa,BLUEPRINT,IHECRE00002395.1,81247470,0.986893,0.526383,0.000812247,0.0398488
ccf360e4-1262-47e9-9083-513800bbeb2c,BLUEPRINT,IHECRE00002396.1,107084410,0.986012,0.651083,0.00139597,0.0264722
b8e17690-214e-4844-a60a-d3550bde3fd3,BLUEPRINT,IHECRE00002397.1,138376520,0.978384,0.173378,0.00114531,0.0229882
142adcb1-306a-4317-917c-4256403bb50e,BLUEPRINT,IHECRE00002397.1,91641190,0.976669,0.480356,0.0231677,0.0406213
98eeecc6-a46b-4861-9e6e-f348972b0882,BLUEPRINT,IHECRE00002398.1,81745614,0.976932,0.637889,0.000138317,0.0372757
a91a053b-35d5-4114-83d4-54e250ff6700,BLUEPRINT,IHECRE00002399.1,111089052,0.979193,0.200531,0.00110304,0.032857
ff6fe5b1-fad5-405c-ae64-c3e7ee6a052c,BLUEPRINT,IHECRE00002400.1,125935030,0.985547,0.77869,0.0839448,0.0424542
16c0baf8-b46f-4e7d-a12a-91092dec8484,BLUEPRINT,IHECRE00002400.1,48916334,0.973183,0.157901,0.00188041,0.0204048
07b5b5e9-87e8-4e8d-9ac0-87a75c08fa8d,BLUEPRINT,IHECRE00002401.1,90452663,0.987165,0.553352,0.000551137,0.0280962
4b276920-06f5-4726-9b5e-d34eddc70b92,BLUEPRINT,IHECRE00002402.1,78754803,0.986054,0.575182,0.000159394,0.0391259
5d56252e-ee84-44ee-82f7-454a02c5b350,BLUEPRINT,IHECRE00002403.1,89520453,0.987502,0.608722,0.000516325,0.0226943
6ffd27bd-b6f2-4b1c-83aa-1191c2cfa7d4,BLUEPRINT,IHECRE00002404.1,75427612,0.984631,0.596397,0.000511187,0.0355552
f2e79efe-bd70-4ab5-8af5-326cfa93dffd,BLUEPRINT,IHECRE00002405.1,105777111,0.986724,0.623735,0.000850049,0.0245622
975900ce-b2cf-4528-955f-f9c4842f2db5,BLUEPRINT,IHECRE00002406.1,88552874,0.985786,0.588054,0.000507365,0.0282379
2db60cdd-c2cc-4b74-b7ec-98971840f70b,BLUEPRINT,IHECRE00002407.1,96304828,0.979304,0.586861,0.000941707,0.0288296
9899e657-38d3-47a1-b94a-ee4f0c178ebe,BLUEPRINT,IHECRE00002408.1,84678789,0.988823,0.656398,0.000450961,0.0321776
1f0fbade-a330-49bf-b5c7-b4cdd9e1982d,BLUEPRINT,IHECRE00002409.1,94099788,0.987495,0.598879,0.00113993,0.0294852
04f84c14-09a9-4a44-ae7d-c0f4de98e8f3,BLUEPRINT,IHECRE00002410.1,107637824,0.977128,0.229697,0.00105787,0.0375743
52f5cbe1-8585-4c71-9bc2-64a0f52b71fe,BLUEPRINT,IHECRE00002411.1,86698916,0.907728,0.622858,0.000393931,0.0258741
6c930de7-7ec8-4023-b0c2-fba39778689b,BLUEPRINT,IHECRE00002412.1,123402732,0.985678,0.697439,0.038675,0.0592571
78c45e43-4203-4a9f-a1f5-1c7b58b272d5,BLUEPRINT,IHECRE00002413.1,98919515,0.986371,0.626233,0.000432791,0.0257726
44ecc2b7-17ea-48ac-aed0-bb3a638555fb,BLUEPRINT,IHECRE00002414.1,94361974,0.98315,0.627522,0.000401188,0.0341387
d71d2bd7-1b02-48a5-9a51-d8137218a3d8,BLUEPRINT,IHECRE00002415.1,86637261,0.986959,0.619575,0.000234857,0.0332099
ecb6236b-79d7-417f-add2-40f105df3b9a,BLUEPRINT,IHECRE00002416.1,109247156,0.888103,0.581647,0.000688591,0.0265748
35b1450e-aab3-41c6-9aaf-2e8d5dc83ca8,BLUEPRINT,IHECRE00002417.1,100900071,0.986205,0.60772,0.00125711,0.0283083
0c05ee82-5bae-4479-aed6-93f6c40d46e9,BLUEPRINT,IHECRE00002418.1,97423851,0.982548,0.673919,0.000397791,0.0325813
ebe6eb26-f955-4704-adc9-3d0e5f0537e2,BLUEPRINT,IHECRE00002419.1,91378514,0.976422,0.601239,0.000906192,0.0266897
39046988-2504-49b0-83a6-fe7acf7cfcff,BLUEPRINT,IHECRE00002420.1,77546248,0.987184,0.591965,0.000472382,0.0374424
b1249de1-b93a-41d6-b5eb-86454318891d,BLUEPRINT,IHECRE00002421.1,82127110,0.986503,0.619646,0.000366854,0.0346893
0a3b4475-c84d-4c44-8123-07dec2107b5c,BLUEPRINT,IHECRE00002422.1,76329760,0.972998,0.720756,0.000182984,0.0399128
3c9b7bc1-50ff-46dc-9787-e7291e448c95,BLUEPRINT,IHECRE00002423.1,80637203,0.981443,0.589781,0.000154838,0.0350647
882dd01a-185f-4a4c-aa6f-2004b4b865d3,BLUEPRINT,IHECRE00002424.1,124159350,0.984403,0.407911,0.00711392,0.0434747
5da15ada-1c50-4b55-9575-34f23a7198c8,BLUEPRINT,IHECRE00002425.1,99144276,0.98552,0.623695,0.000256784,0.0343817
b66a1ae2-c0d0-47c2-a4d0-a06bb3e50d42,BLUEPRINT,IHECRE00002426.1,107365006,0.98469,0.653976,0.00113756,0.0296098
6552069a-8e34-4421-bac0-08058dda10c6,BLUEPRINT,IHECRE00002427.1,82775028,0.976959,0.404922,0.0115803,0.0339953
8ff279b2-6365-4c79-8922-4e79408b83cd,BLUEPRINT,IHECRE00002428.1,117129470,0.978587,0.436392,0.00822006,0.041155
322512f9-4a20-48f8-8a4f-8f914a65993b,BLUEPRINT,IHECRE00002430.1,88957276,0.980569,0.551337,0.000995727,0.0266777
020919c6-1db3-4776-8106-806ebe3e752c,BLUEPRINT,IHECRE00002431.1,90102092,0.979606,0.630016,0.000233933,0.0312762
d2a54d58-d1a1-4636-aa27-c17db39665d1,BLUEPRINT,IHECRE00002432.1,101450020,0.967532,0.224873,0.00205733,0.0347199
828fd472-24ba-41c2-93eb-8da5bf18912a,BLUEPRINT,IHECRE00002433.1,101547797,0.983508,0.740283,0.0014865,0.0248261
9521032a-78c9-4787-8f7b-fb3f3d4d53ba,BLUEPRINT,IHECRE00002436.1,100655209,0.892206,0.605649,0.000448638,0.0236518
689abc3a-f656-4259-aec1-053e267d2fc4,BLUEPRINT,IHECRE00002437.1,91303330,0.971831,0.246272,0.00154978,0.0343508
5b2bb526-c648-49d7-bf1e-d38da140a478,BLUEPRINT,IHECRE00002438.1,79717545,0.979532,0.595156,0.000668226,0.0326617
89a03871-3d3f-4167-90a0-c5645614520f,BLUEPRINT,IHECRE00002439.1,88599539,0.980015,0.641613,0.000246197,0.0329052
d9385bdf-1d2b-4780-86cb-93e5ad5840fa,BLUEPRINT,IHECRE00002440.1,102960346,0.976845,0.266533,0.00177457,0.0333421
2fa26bf0-eb6e-478c-83cf-e075b6e4c33f,BLUEPRINT,IHECRE00002441.1,98461766,0.968252,0.240913,0.000971607,0.0293059
a94e8530-c09a-45b9-abd1-320738572ad9,BLUEPRINT,IHECRE00002442.1,98940737,0.97934,0.626884,0.000243393,0.0330277
251e78c2-1a44-44ee-9670-d7a73868b773,BLUEPRINT,IHECRE00002443.1,107373139,0.984052,0.644796,0.000386918,0.0354862
514578d7-369e-4a89-afbc-53ec27a8dc64,BLUEPRINT,IHECRE00002444.1,95255037,0.987171,0.626975,0.00142817,0.0283731
1bb40eab-620a-4420-9b92-5c6bc6fb380d,BLUEPRINT,IHECRE00002445.1,75013219,0.981202,0.617582,0.000246892,0.0366615
83655393-45a2-4442-aa69-18a6460732ee,BLUEPRINT,IHECRE00002446.1,113405418,0.976795,0.21195,0.00122427,0.0324412
edcbb398-802a-4bcc-9c34-827402deecf7,BLUEPRINT,IHECRE00002447.1,117432446,0.972908,0.244759,0.00219973,0.0320052
4a5916dd-7321-4fdc-9264-5e58c70ea926,BLUEPRINT,IHECRE00002449.1,74039062,0.973182,0.694225,0.00072027,0.0411832
7a1f8435-5e67-4e82-a998-6c9c58865150,BLUEPRINT,IHECRE00002450.1,95635536,0.986845,0.711583,0.000305274,0.0232589
9fc1bf61-08e6-4387-992c-89b120dc8486,BLUEPRINT,IHECRE00002451.1,95489729,0.9787,0.622596,0.00170805,0.0287625
5845c9a1-c4f7-4a94-bf94-16935b195e6b,BLUEPRINT,IHECRE00002452.1,120766024,0.976639,0.166034,0.00118509,0.0205615
8b99a806-9079-42a5-9b96-00e56fe9afb5,BLUEPRINT,IHECRE00002452.1,136834332,0.975213,0.362473,0.0110487,0.0356423
2266cfc7-8c78-4db0-a0fd-f1012aba3d0a,BLUEPRINT,IHECRE00002453.1,94978230,0.980508,0.617458,0.000191019,0.0365425
1ab352d1-f4b3-4856-b94b-74651f36cac9,BLUEPRINT,IHECRE00002454.1,103343513,0.986244,0.705723,0.000234837,0.0306503
3d622546-3c26-4ebb-b122-e73d02a283e6,BLUEPRINT,IHECRE00002455.1,129095924,0.97925,0.232314,0.000853325,0.0311542
37d4f59a-1b0e-4d67-9bb2-b5e638aff642,BLUEPRINT,IHECRE00002456.1,103255163,0.985404,0.639351,0.000701183,0.0278292
45fb3b9a-56f1-4cc5-9743-fc9a16dee31f,BLUEPRINT,IHECRE00002457.1,86511840,0.987929,0.680515,0.00145261,0.0286576
41e086de-bd91-44c0-9159-07b1b1572756,BLUEPRINT,IHECRE00002458.1,88393447,0.98659,0.603099,0.000564259,0.0270074
4f15d43b-d569-427a-8a3e-9a6964cbf5ff,BLUEPRINT,IHECRE00002459.1,86250013,0.9835,0.555674,0.000727776,0.0285888
cc111aff-6e96-4bd8-a937-3eb87a207be1,BLUEPRINT,IHECRE00002460.1,90299066,0.987333,0.605787,0.000977777,0.0396559
ac35d3a0-01c7-486f-9b84-ada670937297,BLUEPRINT,IHECRE00002461.1,106440479,0.987802,0.668388,0.000459892,0.0338302
747842b3-d126-4464-9f33-f3470e291e1a,BLUEPRINT,IHECRE00002462.1,92052249,0.986573,0.607426,0.000848196,0.0267065
023c9ce4-5641-4c83-abbb-395b4e4c68f3,BLUEPRINT,IHECRE00002463.1,156643942,0.971998,0.259157,0.00152225,0.033338
08364ec8-e396-432b-8222-04881043911c,BLUEPRINT,IHECRE00002464.1,56243384,0.987801,0.538572,0.000229439,0.035002
7bc9470d-a417-4626-94ca-10492a9bfe49,BLUEPRINT,IHECRE00002465.1,106692112,0.986677,0.628823,0.000281598,0.0398362
1d053498-cbf0-4382-abd4-4e5ad77f5b7f,BLUEPRINT,IHECRE00002466.1,100041410,0.984192,0.626141,0.000196648,0.0355425
ec83bc4a-5a9a-4829-81a2-e3c0f10c1e4a,BLUEPRINT,IHECRE00002467.1,92841927,0.986249,0.630321,0.000283263,0.0240338
d66f20e3-f2f8-4e34-a312-49a8bfd10bb1,BLUEPRINT,IHECRE00002468.1,104585020,0.985833,0.613428,0.000403973,0.03153
6c71d984-0f2b-4791-b066-3c5e36e2a867,BLUEPRINT,IHECRE00002469.1,95596612,0.987035,0.675679,0.000610478,0.0358843
085ffcd1-457b-4bd1-8c3b-fe24a35204bc,BLUEPRINT,IHECRE00002470.1,103361028,0.979568,0.287401,0.00589852,0.0391915
9516a1e5-d442-4628-a1e6-898f7541b941,BLUEPRINT,IHECRE00002470.1,66860662,0.971639,0.139454,0.0011979,0.0226528
4aab2ed1-31a3-438c-a093-6e2863dc68db,BLUEPRINT,IHECRE00002471.1,90548618,0.982695,0.598522,0.000184577,0.0365735
e62f1b29-2499-4d93-b64d-d8bb0b77eaca,BLUEPRINT,IHECRE00002472.1,108077068,0.982917,0.290992,0.00513073,0.0361768
d26541d0-abd7-4cb2-8df4-76577d0b3918,BLUEPRINT,IHECRE00002472.1,70827830,0.966694,0.13571,0.000986858,0.02256
5977c741-268d-4bfd-92d3-29302b6d2887,BLUEPRINT,IHECRE00002473.1,130257832,0.975878,0.239221,0.000926376,0.0325906
a9a003c9-e2a3-4165-bac7-64a7711f6b90,BLUEPRINT,IHECRE00002474.1,101167804,0.980764,0.683169,0.000378879,0.0391244
a008ffea-a477-42fa-bf26-6fcc30d5ed0e,BLUEPRINT,IHECRE00002475.1,94256904,0.973972,0.641914,0.000222628,0.0334438
4cd003d5-009f-4cc2-aac4-5b51cf74674c,BLUEPRINT,IHECRE00002476.1,84560863,0.986593,0.586245,0.00109112,0.0298732
381eddf0-93ab-44c9-a03d-b457089ab896,BLUEPRINT,IHECRE00002477.1,87197762,0.98665,0.561248,0.00144232,0.0263657
6a42494b-466b-4844-b9ff-39e87184cada,BLUEPRINT,IHECRE00002478.1,89511554,0.983117,0.578473,0.00108195,0.0283402
a46ec3b7-6df0-4eef-b78c-3fdb38f94a89,BLUEPRINT,IHECRE00002479.1,89457656,0.985302,0.565018,0.000714023,0.0304256
d58143d3-bc15-409f-8784-7889f225b6a0,BLUEPRINT,IHECRE00002480.1,104158220,0.974036,0.258703,0.00126337,0.0318202
45f31933-bf58-4833-bc61-12b388f49be8,BLUEPRINT,IHECRE00002481.1,107295308,0.971937,0.37176,0.0138988,0.0409046
2636e3c1-731b-4b95-b512-5edd44285216,BLUEPRINT,IHECRE00002481.1,123492216,0.972403,0.170609,0.00148826,0.0236261
4c5e29f2-19ef-4052-a523-1158723beb56,BLUEPRINT,IHECRE00002482.1,82066176,0.986,0.63635,0.000540935,0.033624
fd331f56-8afb-485c-a21c-cb644290c32b,BLUEPRINT,IHECRE00002483.1,88609687,0.987041,0.565144,0.000930936,0.0271935
ba24dc43-102f-4b36-a958-ffc6f2588525,BLUEPRINT,IHECRE00002484.1,137221102,0.984604,0.313532,0.00739873,0.041339
590055c8-4772-43fa-bc2b-2ca02b347c86,BLUEPRINT,IHECRE00002484.1,68287442,0.970152,0.14033,0.00113894,0.0241528
16e82d53-e4b2-44dc-8319-5a3e392ee167,BLUEPRINT,IHECRE00002485.1,86192979,0.988128,0.624347,0.000817979,0.0337279
cab12a6a-d796-4516-b56f-77fadecfc93b,BLUEPRINT,IHECRE00002486.1,94565341,0.985432,0.638719,0.000995603,0.034404
1b26e8d3-8902-4db1-b65c-5b936f4e756e,BLUEPRINT,IHECRE00002487.1,99437114,0.984239,0.242665,0.0015065,0.036577
e7d7fb54-47db-4f05-bc26-b3450854ad6e,BLUEPRINT,IHECRE00002488.1,97784324,0.963704,0.358538,0.00484796,0.0415314
052aa007-807b-4269-ac01-76211a47a977,BLUEPRINT,IHECRE00002489.1,45060401,0.987356,0.518359,0.000232251,0.0305811
0d54fe44-b940-4a1e-b863-6243e53dd972,BLUEPRINT,IHECRE00002490.1,103407510,0.986822,0.592497,0.000744957,0.0276304
8da2c469-33f4-48c6-9340-aad00cca35a7,BLUEPRINT,IHECRE00002491.1,102356154,0.972514,0.663615,0.000321118,0.0381145
bbe505f5-77d8-4e1e-8565-e165ef89c419,BLUEPRINT,IHECRE00002492.1,102275649,0.980586,0.653492,0.000300748,0.0308768
48f350f8-22d1-4fa8-a06c-5d46765ecfaf,BLUEPRINT,IHECRE00002493.1,85016282,0.978599,0.593334,0.00109781,0.0276269
26e44090-cbfd-4151-a8ba-9062dda629bd,BLUEPRINT,IHECRE00002494.1,85055598,0.981785,0.539279,0.00084305,0.02998
e5903d96-1048-40ae-acc7-2486f6c03cf3,BLUEPRINT,IHECRE00002495.1,108982328,0.980415,0.245782,0.00177917,0.0362124
eb59ac5b-e348-4df4-a6d9-7dd5cad451e6,BLUEPRINT,IHECRE00002496.1,103589385,0.984651,0.658064,0.000725848,0.0275407
d2997786-8ef9-4afd-82e3-26dc3e0241f7,BLUEPRINT,IHECRE00002497.1,121013652,0.979419,0.39757,0.0148842,0.040198
70fa8948-8b0a-4ec2-9a33-ebaad3cd34e7,BLUEPRINT,IHECRE00002497.1,55386264,0.971983,0.117347,0.00105967,0.025181
0ced63c8-bf6c-4bc3-a58c-4ed9c1e12a74,BLUEPRINT,IHECRE00002498.1,117841356,0.983098,0.333274,0.00536732,0.0433362
05a5087d-ac95-46d8-8112-c621e4ce6317,BLUEPRINT,IHECRE00002499.1,87918022,0.989509,0.630661,0.000312429,0.0329991
1090dc12-1535-48a5-a27f-1f47fb2bfa7d,BLUEPRINT,IHECRE00002500.1,86588838,0.987066,0.612457,0.000975115,0.0250066
eb0a4e15-9932-4b79-a60e-58539d787be4,BLUEPRINT,IHECRE00002501.1,96513216,0.979345,0.186775,0.00480275,0.0397855
361203a2-ae0b-43b5-8d05-75f7ec4b853e,BLUEPRINT,IHECRE00002502.1,107935638,0.982086,0.26421,0.000997461,0.0326611
bf95c8b7-4cb7-463e-985f-b6947fde40ca,BLUEPRINT,IHECRE00002503.1,50082855,0.986383,0.556936,0.000306391,0.0313715
74f59c0d-c222-4713-a660-abc7ccc834e2,BLUEPRINT,IHECRE00002504.1,92356275,0.985514,0.585772,0.000350281,0.0305989
54150ee7-a47b-4095-b9ec-462956925d15,BLUEPRINT,IHECRE00002505.1,87908313,0.987199,0.547307,0.000480209,0.0283851
12baac25-3942-46ae-920f-ec67088c1450,BLUEPRINT,IHECRE00002506.1,30585723,0.987584,0.502494,0.000388003,0.0346246
6424ea11-4a8a-459a-af96-3278be8f8beb,BLUEPRINT,IHECRE00002507.1,110687851,0.983163,0.680681,0.000213822,0.0335525
023cd24f-1c05-4d79-892b-44eccad857c5,BLUEPRINT,IHECRE00002508.1,81261637,0.987448,0.621589,0.00079369,0.0329961
161fe3b5-278f-431f-b8a5-9a92370d354e,BLUEPRINT,IHECRE00002509.1,93234758,0.987638,0.643781,0.000343856,0.0350954
802594c4-1b3e-4626-86df-88129ea2bd29,BLUEPRINT,IHECRE00002510.1,96154478,0.980925,0.546054,0.0146895,0.0469775
7a7cd8ce-28fe-4007-bdaa-d60da8f6e892,BLUEPRINT,IHECRE00002511.1,104701404,0.987304,0.655393,0.000398454,0.032455
fef1bc66-d162-4f79-b21f-6eb73efbd738,BLUEPRINT,IHECRE00002512.1,91420655,0.986244,0.63286,0.00202762,0.0303845
95fc2ba9-011b-41cc-8718-330d58ebda60,BLUEPRINT,IHECRE00002513.1,120934866,0.968362,0.231792,0.00220813,0.0347974
8a396e55-73b9-484a-ab93-d16875564bac,BLUEPRINT,IHECRE00002514.1,127787550,0.967269,0.256331,0.000970156,0.03186
8b36a70d-7f65-4e9f-8b77-fe968fbbebf4,BLUEPRINT,IHECRE00002515.1,97024676,0.975991,0.658739,0.000296414,0.0321055
0a28710a-6f60-47e6-a5ea-138b53bf9d15,BLUEPRINT,IHECRE00002516.1,88903361,0.98715,0.605013,0.000855369,0.0285583
b35a916e-e616-4284-9481-0f1bcc00c1bb,BLUEPRINT,IHECRE00002517.1,100154376,0.983516,0.28916,0.00527337,0.0385868
4f32eebe-5d80-4298-ad5e-8b4c70c6105d,BLUEPRINT,IHECRE00002517.1,55703482,0.971163,0.129527,0.00151233,0.0229483
9c2cb436-35b6-4a7f-8790-6c8fb43209ff,BLUEPRINT,IHECRE00002518.1,99719551,0.986439,0.585459,0.00043607,0.0258743
9daa6472-c685-4157-a9c3-3313515ea6eb,BLUEPRINT,IHECRE00002519.1,95554957,0.985431,0.661017,0.000622911,0.0376766
4937f1e6-a9cb-4482-8209-cd6d70d0f5c0,BLUEPRINT,IHECRE00002520.1,114157068,0.977485,0.175792,0.00111344,0.0226453
e3ff3504-c11c-4734-be7b-32da7ae2409f,BLUEPRINT,IHECRE00002520.1,73535012,0.974052,0.500259,0.0243632,0.0394684
10d6961e-8f24-48e9-a92a-44ef34f4ec6d,BLUEPRINT,IHECRE00002522.1,79771792,0.985095,0.607105,0.000386662,0.0372925
61476725-d651-4ae5-b81b-d638d31d1d0c,BLUEPRINT,IHECRE00002523.1,79741892,0.98646,0.626125,0.000508809,0.0356102
e4dad57f-f0ba-42e9-9fe1-f1ff27565006,BLUEPRINT,IHECRE00002524.1,97700677,0.987603,0.640787,0.000273905,0.0332081
daf0f3f5-073b-4603-9d52-5bd10db65d32,BLUEPRINT,IHECRE00002525.1,97345713,0.985665,0.658893,0.000274892,0.0319326
675827e7-7b6b-4c11-bbb3-23b3691cb3cd,BLUEPRINT,IHECRE00002526.1,85195757,0.98438,0.575901,0.00045206,0.0281687
f4ac223d-903f-4a32-bb4d-022e338eb0c7,BLUEPRINT,IHECRE00002527.1,90238655,0.987428,0.666919,0.000323464,0.034009
10c8fd3e-3149-4527-a0bc-47bc09c80cc0,BLUEPRINT,IHECRE00002528.1,58894927,0.985395,0.531399,0.000743606,0.0279975
a0ed6968-53da-4472-9966-3888dde6d9b3,BLUEPRINT,IHECRE00002529.1,106093622,0.973466,0.252595,0.00214067,0.0337642
e3c08c58-6827-43f9-9231-da5dbaf802cb,BLUEPRINT,IHECRE00002530.1,109648460,0.978009,0.246793,0.00218997,0.0331531
b6460e08-0533-436f-9f51-9f24f2e2be3c,BLUEPRINT,IHECRE00002531.1,121711510,0.972643,0.37392,0.00538311,0.0413429
4e39c96f-2e4f-4593-9dbd-3b130588b48f,BLUEPRINT,IHECRE00002532.1,107763844,0.970638,0.242452,0.00116676,0.0310753
21ce6d9b-94e5-4fb5-8f7a-cca4af46cecd,BLUEPRINT,IHECRE00002533.1,153317384,0.977954,0.404667,0.0153523,0.0395165
7da6144c-73ab-440d-8cde-e4833ccf1460,BLUEPRINT,IHECRE00002533.1,54950462,0.971683,0.112715,0.00119241,0.022955
1dabe3ee-d475-4df8-be64-0ad81fabf134,BLUEPRINT,IHECRE00002534.1,94910488,0.978643,0.63887,0.00103498,0.0258513
c3a95d73-cd9e-4fea-abd4-a4428edebe4a,BLUEPRINT,IHECRE00002535.1,48486244,0.968344,0.114989,0.00120048,0.0230358
61c9ec1b-ae9d-4514-ba15-dd2a51bae655,BLUEPRINT,IHECRE00002535.1,97327288,0.983617,0.306125,0.00721992,0.0371382
01f99b86-762b-41e4-be58-af81448b2aa0,BLUEPRINT,IHECRE00002536.1,65555780,0.972784,0.566677,0.000814986,0.0272508
f8a87e9f-afef-4f5b-90a8-347c30e9a3bf,BLUEPRINT,IHECRE00002537.1,94949480,0.961715,0.261324,0.000924784,0.0318964
b2b19e44-6fe8-4a5a-8f96-2792db6e290d,BLUEPRINT,IHECRE00002538.1,112117042,0.973547,0.382029,0.00558353,0.0453149
2cf24eb1-ecf4-42db-8bb9-fd595a8e44c0,BLUEPRINT,IHECRE00002539.1,76229397,0.984994,0.572823,0.000662325,0.0267081
676813a9-d211-4b83-b704-c55231b92d5c,BLUEPRINT,IHECRE00002540.1,109924787,0.984373,0.611329,0.000993855,0.0344212
3c7be9a4-9635-4c0e-aa55-a8968e5dcc37,BLUEPRINT,IHECRE00002541.1,79282035,0.983746,0.63372,0.000443538,0.027099
d07ec770-7f02-4780-b1fa-fba02aa69027,BLUEPRINT,IHECRE00002542.1,73348353,0.978707,0.526892,0.00093154,0.0273633
e261adfb-7811-4b3b-a25d-7c155c81ad5d,BLUEPRINT,IHECRE00002543.1,96539826,0.98452,0.665541,0.000911849,0.0357471
a8b8929e-1367-4324-9356-3ff20e01e9f0,BLUEPRINT,IHECRE00002544.1,102955028,0.984788,0.476531,0.0283155,0.0359836
558f3478-340c-4fa1-b550-94df7e10dc1f,BLUEPRINT,IHECRE00002545.1,87829793,0.987003,0.575735,0.000988185,0.0283185
48db9293-b79b-4e5a-9702-4176b2b7d9e6,BLUEPRINT,IHECRE00002546.1,107534592,0.981138,0.684458,0.000512112,0.0333103
92429fe0-3ae0-4f31-8e3f-d2281e7834c0,BLUEPRINT,IHECRE00002547.1,88382736,0.979912,0.617826,0.0015731,0.0273752
e6285711-75dd-4df2-b366-274088f8dded,BLUEPRINT,IHECRE00002548.1,104763197,0.986215,0.663164,0.000572063,0.0333267
883bfc8f-0e8c-47a0-89ba-a9fb187c0f91,BLUEPRINT,IHECRE00002549.1,99391463,0.978447,0.620206,0.000390296,0.0277059
9c3734c6-194f-48a0-b235-fa179f6203c8,BLUEPRINT,IHECRE00002550.1,95291076,0.988033,0.608824,0.000134465,0.0354602
4708aa13-8502-4b85-aa55-f8b4c2272c84,BLUEPRINT,IHECRE00002551.1,114373770,0.967864,0.232709,0.00133962,0.0322465
d5fe90ba-ecee-4571-9e74-e3f10982caba,BLUEPRINT,IHECRE00002552.1,96615177,0.976062,0.629677,0.00100905,0.0266844
f1cf60b8-c6ee-41a7-a737-ae66a08442e4,BLUEPRINT,IHECRE00002553.1,97745502,0.986246,0.642928,0.000225039,0.0325079
9b8193e5-829f-48c2-8250-ebf17d7f6405,BLUEPRINT,IHECRE00002554.1,108539500,0.98543,0.696555,0.000419005,0.029691
81087670-943b-4f3b-8da4-093cb5ec6bfc,BLUEPRINT,IHECRE00002555.1,107606110,0.962482,0.237574,0.00129524,0.0420032
fc37aa04-20d5-42e3-862a-a154f2505eb6,BLUEPRINT,IHECRE00002556.1,122811004,0.976038,0.462516,0.0227752,0.0388437
f8a6b7aa-465b-4356-9a29-81671ace82ca,BLUEPRINT,IHECRE00002556.1,129535558,0.967174,0.186652,0.00112766,0.0208437
5f69f869-ec16-4d94-a8e8-756b09b1c5aa,BLUEPRINT,IHECRE00002557.1,107704945,0.986446,0.687554,0.00106711,0.027566
144f52fe-19ce-45a7-b464-d54da396fd7e,BLUEPRINT,IHECRE00002558.1,97172539,0.986376,0.647376,0.000774022,0.027622
d0ba1767-d741-46e3-a533-c5f1204fa61b,BLUEPRINT,IHECRE00002559.1,102738066,0.986349,0.575785,0.000547044,0.027532
bc650adf-a938-4c9f-bd67-0fcedcf6a2ed,BLUEPRINT,IHECRE00002560.1,123082556,0.982642,0.286496,0.0104004,0.0389669
d188d37f-0dc1-40da-9403-4dd44f7867c9,BLUEPRINT,IHECRE00002560.1,59788046,0.968784,0.106285,0.00103448,0.0259242
c402eebf-8740-4db0-b341-e76de41a9eb2,BLUEPRINT,IHECRE00002561.1,103751024,0.967441,0.165496,0.00163987,0.0234598
33a6e6a4-4f33-4754-b1e5-e5fede441aa8,BLUEPRINT,IHECRE00002561.1,108626642,0.978932,0.593295,0.0337997,0.0421492
65589f35-2422-477e-b006-40a849c77109,BLUEPRINT,IHECRE00002562.1,105404991,0.985431,0.705379,0.000196391,0.0331321
76e13db2-40dc-4bee-9520-f6afd0e61185,BLUEPRINT,IHECRE00002563.1,107588184,0.984434,0.675347,0.00162924,0.0260609
f51136fe-901b-4516-acf5-960a860f70e7,BLUEPRINT,IHECRE00002564.1,72223378,0.978305,0.571757,0.000207568,0.0364039
7ec42970-2101-4216-a069-077e1ca6d4e2,BLUEPRINT,IHECRE00002565.1,105193992,0.982409,0.450542,0.0167411,0.0377484
2d97330f-1116-4745-b5e2-3accba8dc80b,BLUEPRINT,IHECRE00002565.1,50346332,0.971381,0.169672,0.00171153,0.0194102
fe3e0d50-ba57-458e-a0ed-7cd64a31d9dc,BLUEPRINT,IHECRE00002566.1,83874896,0.985811,0.594607,0.000495581,0.0379722
15442343-5f84-4055-8b4a-cbb21e32ceca,BLUEPRINT,IHECRE00002567.1,96517843,0.859613,0.624163,0.000977377,0.0277
58b9e506-b818-4286-9a82-0d3be20d629c,BLUEPRINT,IHECRE00002568.1,91140192,0.985328,0.644262,0.000311905,0.0337618
96d9a246-4b0e-4e5f-bb6c-e72d1429cdc2,BLUEPRINT,IHECRE00002569.1,90109764,0.980241,0.6063,0.000205628,0.0350329
47d393de-92d3-4f4d-a0d8-55de34665294,BLUEPRINT,IHECRE00002570.1,94698756,0.964928,0.266158,0.00102745,0.0331081
9077c34b-04db-491e-8932-36a4b67dea03,BLUEPRINT,IHECRE00002571.1,109359733,0.9852,0.690417,0.000333976,0.0344155
49214b65-0919-419b-9760-776893e30785,BLUEPRINT,IHECRE00002572.1,103708674,0.986976,0.634098,0.000642217,0.0255587
59cfe68d-d8be-4f34-aad8-7a64ce53805a,BLUEPRINT,IHECRE00002573.1,99841731,0.984735,0.618567,0.000380166,0.0371063
736daaf5-c3c0-4524-aae6-906cda9b1d57,BLUEPRINT,IHECRE00002574.1,89026351,0.980332,0.645073,0.000211904,0.0327344
3464dac0-d175-42c4-9c36-92118ecd6432,BLUEPRINT,IHECRE00002575.1,101003295,0.987175,0.647898,0.00101815,0.0284184
2a8cdda1-8ceb-4eba-a12f-b6d4244067cc,BLUEPRINT,IHECRE00002576.1,114727582,0.984281,0.540739,0.0489752,0.0437636
b3f2c5ee-62e6-4854-9815-e05b437aacd7,BLUEPRINT,IHECRE00002576.1,55023706,0.968901,0.111675,0.00103148,0.0258423
dcf61041-e747-4d63-8176-3f82d727cdb1,BLUEPRINT,IHECRE00002577.1,90028746,0.982001,0.617965,0.0000924121,0.0379168
e5a31b67-962f-4531-bb1a-47a7b6a2ef07,BLUEPRINT,IHECRE00002578.1,69637004,0.975397,0.625138,0.000255625,0.0313363
27f059d9-32c0-4180-b53e-6835e9bd8168,BLUEPRINT,IHECRE00002579.1,114519781,0.986552,0.668927,0.000457596,0.03535
a9e91c98-d613-4c95-91a8-8829c0641a9c,BLUEPRINT,IHECRE00002580.1,108954138,0.964844,0.223413,0.00175007,0.0355496
850a3b33-a056-44a6-893c-4d04bdbb126b,BLUEPRINT,IHECRE00002581.1,105293116,0.98458,0.671756,0.0011312,0.0283383
e10cd198-7d8a-4563-b876-fc12bf6423db,BLUEPRINT,IHECRE00002582.1,91572040,0.987167,0.592599,0.000870937,0.0263705
e3ca360b-56ff-4bbb-b370-a5ca2336247b,BLUEPRINT,IHECRE00002583.1,103125134,0.980782,0.68789,0.0001881,0.0283972
214b2ea9-4530-4274-a69c-970b34124b9d,BLUEPRINT,IHECRE00002584.1,87069290,0.985691,0.610527,0.000464932,0.0285045
e2369889-ebbd-471c-8046-5feb372f7c56,BLUEPRINT,IHECRE00002585.1,86836746,0.987849,0.616766,0.000831472,0.0266765
1545c8cc-e51d-4545-8720-05aef01fdc0d,BLUEPRINT,IHECRE00002586.1,96963759,0.987251,0.612335,0.0002715,0.0370155
4af66b8c-23a6-4ec5-8358-028c37ba9592,BLUEPRINT,IHECRE00002587.1,96525470,0.984067,0.579173,0.000586635,0.0284497
75867875-84ad-46ff-99c1-24f1e19fc9a7,BLUEPRINT,IHECRE00002588.1,100804764,0.986209,0.633824,0.00099237,0.0289972
ae3c744b-465d-4bbf-a852-52accd551f07,BLUEPRINT,IHECRE00002589.1,90002709,0.985831,0.623239,0.000339681,0.0333726
c74d2ae9-699c-48f6-9823-93b1f600a6d8,BLUEPRINT,IHECRE00002590.1,94413222,0.986648,0.653926,0.000244813,0.0334346
54f73fbb-5e17-4eb7-99e4-9ed0a1673384,BLUEPRINT,IHECRE00002591.1,91843587,0.986297,0.644124,0.000527317,0.0318863
667e84bf-15ad-4410-8146-57031cb9c1fc,BLUEPRINT,IHECRE00002592.1,94090248,0.978378,0.556344,0.000693611,0.0354587
ea6330f0-cff1-49c2-b6c2-3eb969b56267,BLUEPRINT,IHECRE00002593.1,99031814,0.978017,0.701703,0.00065305,0.0348374
87d792e1-2910-468f-8c69-3330c69f9a89,BLUEPRINT,IHECRE00002594.1,92948113,0.988031,0.62494,0.00028943,0.0344366
812f4c51-0ecc-41e9-91c1-02a25f145779,BLUEPRINT,IHECRE00002595.1,92322544,0.985187,0.575115,0.000627992,0.0325253
48b68464-5fe1-4c88-b596-1dc3183e05b0,BLUEPRINT,IHECRE00002596.1,96228724,0.984129,0.328574,0.013725,0.0348017
e4124b00-5d5f-4a73-8502-8ad05270485d,BLUEPRINT,IHECRE00002597.1,83935473,0.98673,0.598865,0.000924082,0.0289138
3e5d8a45-c7f7-46fb-b867-5608c8d3d739,BLUEPRINT,IHECRE00002598.1,91667605,0.987123,0.57795,0.000768485,0.0311774
ad64cc58-d546-4dcc-b0c1-af559bbb0f09,BLUEPRINT,IHECRE00002599.1,98246036,0.986011,0.617283,0.000248339,0.0371176
3ae521e5-8c61-42ff-877a-0fc44dc7eddd,BLUEPRINT,IHECRE00002600.1,84616797,0.986453,0.614304,0.00154277,0.0287465
5b8a0d94-9af9-45da-bc4a-21b48060f109,BLUEPRINT,IHECRE00002601.1,86904070,0.979675,0.196579,0.000831288,0.0332709
39a99d99-6cba-4036-b0ed-108aaf3ce358,BLUEPRINT,IHECRE00002602.1,77742499,0.985759,0.60317,0.000932206,0.0355443
bb598ac2-0f5e-41ca-9df9-9f45014ce9bd,BLUEPRINT,IHECRE00002603.1,108011150,0.967238,0.241087,0.00117494,0.0304444
0f75858d-9240-411f-b469-ab7e3fbff623,BLUEPRINT,IHECRE00002604.1,93593871,0.987008,0.635661,0.00106075,0.027563
32ed30e8-fb71-44dc-bac7-b3a71aee8cb5,BLUEPRINT,IHECRE00002605.1,100720941,0.986194,0.654474,0.000318241,0.0375894
e48c0343-8c46-4bcb-955d-ac98b642348e,BLUEPRINT,IHECRE00002606.1,89268135,0.986244,0.51424,0.000486392,0.0313781
e152a814-51be-4a84-9996-294f2f78e076,BLUEPRINT,IHECRE00002607.1,93909851,0.981225,0.604548,0.000172421,0.0351778
a270f922-57f7-485b-b8b9-dbcf244d15b2,BLUEPRINT,IHECRE00002608.1,102134865,0.986186,0.666525,0.000487332,0.0307623
5033a0dd-4f58-43b8-971f-43ba40092e12,BLUEPRINT,IHECRE00002609.1,80591492,0.986947,0.633673,0.000620232,0.0301889
8d7e4ceb-dbc4-4fdc-8753-72afbddd8fac,BLUEPRINT,IHECRE00002611.1,45061592,0.987297,0.478131,0.000613812,0.027922
317f9836-c485-487a-9494-6e16f741b3a6,BLUEPRINT,IHECRE00002612.1,82592335,0.978936,0.621543,0.000223914,0.0379615
fbf4dafc-74eb-44ce-ac18-b154fa1fc613,BLUEPRINT,IHECRE00002613.1,91946624,0.982291,0.307111,0.0168395,0.0367521
42c4ae48-d9f9-4421-9933-6a843c04c579,BLUEPRINT,IHECRE00002614.1,95159737,0.984035,0.588623,0.000687705,0.0288583
0b9eb2ce-a816-4489-a7a7-6b1f64a92d5b,BLUEPRINT,IHECRE00002615.1,107142006,0.966975,0.361231,0.00532605,0.0427493
6973d8e2-6546-4e27-826a-ecb9fa9210fd,BLUEPRINT,IHECRE00002617.1,102437131,0.983826,0.677103,0.00023963,0.0328546
3e0784ec-e8b4-4b4f-90b1-f55f9f368d2a,BLUEPRINT,IHECRE00002618.1,77921210,0.985716,0.614978,0.000767704,0.0348128
4fb8fa3c-54d2-44c6-a2ac-5e836c5f92a5,BLUEPRINT,IHECRE00002619.1,124538020,0.977279,0.219504,0.000806986,0.0302002
0a0025d1-e71b-4424-8604-16e98fe92743,BLUEPRINT,IHECRE00002620.1,94507254,0.983495,0.608715,0.000126749,0.0338621
4c8b0862-1076-4efb-90d5-eee520df2290,BLUEPRINT,IHECRE00002621.1,54329171,0.987741,0.550155,0.000165346,0.0329357
fe031acb-f914-4198-b521-c05694dcfd89,BLUEPRINT,IHECRE00002622.1,102317718,0.865979,0.612797,0.00109525,0.0286989
2f00db92-1a7c-4691-9098-dc8739795992,BLUEPRINT,IHECRE00002623.1,117121984,0.979312,0.48997,0.0107504,0.0436853
ce994d24-e66a-43a5-ae85-f502fa4b07e0,BLUEPRINT,IHECRE00002624.1,85919155,0.980308,0.559739,0.000825528,0.0337386
651816f3-5993-4aba-baab-e51e5572514d,BLUEPRINT,IHECRE00002625.1,68696147,0.985962,0.546445,0.000448342,0.0267666
23d3432e-5f19-4f07-8e39-7ac9dfdeafc2,BLUEPRINT,IHECRE00002626.1,105725274,0.976552,0.191024,0.00109219,0.0338402
052227d7-8946-4ba0-9e74-3ebfdf94f226,BLUEPRINT,IHECRE00002627.1,93144954,0.967984,0.2347,0.00150388,0.0385665
cd4e094d-a7e4-4ac3-b222-b941a133b273,BLUEPRINT,IHECRE00002628.1,107226131,0.831268,0.577007,0.000630267,0.0297194
87840bcf-9b50-4c17-bba5-958104996f58,BLUEPRINT,IHECRE00002629.1,116244984,0.976074,0.200427,0.000692768,0.0311847
b41f2f0d-e482-41a4-9fc4-984d46fddad5,BLUEPRINT,IHECRE00002630.1,101056178,0.977002,0.397964,0.00648024,0.0406195
9c8f331b-902d-4c72-a8f6-0c2dedbe53b1,BLUEPRINT,IHECRE00002631.1,97081842,0.981747,0.631236,0.000266143,0.0304324
0dd0357a-840f-46c1-b86c-7b31e3d3d333,BLUEPRINT,IHECRE00002632.1,83687262,0.985646,0.61711,0.00134109,0.0287606
f37f5a47-3c30-4bbb-9fe8-9febd564a1be,BLUEPRINT,IHECRE00002633.1,75869506,0.985493,0.562719,0.000584361,0.0304178
df287808-723c-4251-bd9a-03df09618beb,BLUEPRINT,IHECRE00002634.1,85573858,0.986244,0.590352,0.000695833,0.0287391
fd824974-f484-4ba8-ad7c-3c68f65bc2e0,BLUEPRINT,IHECRE00002635.1,100110972,0.984814,0.638146,0.000200019,0.0359186
a61c1d42-98fe-4d71-aedc-38cbfa7c6032,BLUEPRINT,IHECRE00002636.1,87473864,0.964707,0.635589,0.000212119,0.0425885
30b07f27-79c1-45ae-a026-406194fdf0b0,BLUEPRINT,IHECRE00002637.1,105570568,0.967589,0.253091,0.00180198,0.0313404
9210ce63-c3e6-4086-a8a2-7968ff19fd63,BLUEPRINT,IHECRE00002638.1,120544302,0.974854,0.205519,0.00100058,0.0339654
004676fb-8dd9-4936-b648-4a86321c25a4,BLUEPRINT,IHECRE00002639.1,96876125,0.971693,0.666397,0.000823529,0.031205
5a8d6333-ba98-47bc-937c-ff33b371e4db,BLUEPRINT,IHECRE00002640.1,101100311,0.985777,0.647098,0.000428687,0.0350744
71b4ad34-4e44-43ce-80b1-f567ce1642a5,BLUEPRINT,IHECRE00002641.1,99082408,0.977783,0.424837,0.00942286,0.0413081
ce459ac8-ec51-4db7-b799-95b7982be786,BLUEPRINT,IHECRE00002642.1,92298794,0.979598,0.646044,0.000220946,0.0384663
46af53ee-213d-4c7e-8b77-1c397da304fa,BLUEPRINT,IHECRE00002643.1,113828118,0.971239,0.215873,0.00120886,0.0339381
acb2f514-3412-4373-862f-aa6a97081dcd,BLUEPRINT,IHECRE00002644.1,95506918,0.988252,0.592965,0.00076757,0.0290789
a462b95d-ea9b-4406-aaed-0ba46cff2593,BLUEPRINT,IHECRE00002645.1,92809539,0.985742,0.59302,0.000406422,0.0299261
fbdd289c-8555-4ddb-bc44-4dc1759d25b7,BLUEPRINT,IHECRE00002646.1,91729442,0.979311,0.392136,0.0226119,0.0370372
e792b821-c99c-4b1f-a5bd-1e1c7468efc1,BLUEPRINT,IHECRE00002647.1,63255910,0.977061,0.562168,0.00117839,0.0283126
a5e7a29c-d44d-473d-8724-faa8940235e7,BLUEPRINT,IHECRE00002648.1,39704590,0.967356,0.107447,0.00106344,0.0234819
8a9753fc-45a4-4d10-bd46-90782df881f0,BLUEPRINT,IHECRE00002648.1,98436960,0.983017,0.330374,0.0067468,0.0393509
f718b7f8-d7b3-4a61-a827-2f4276970655,BLUEPRINT,IHECRE00002649.1,100267846,0.987013,0.628826,0.000582131,0.0298085
264d2332-2c3e-45d2-ae1e-00e002547c36,BLUEPRINT,IHECRE00002650.1,93938870,0.981919,0.602014,0.000146454,0.0390943
890ec9a6-e421-4414-933e-705fe0c87028,BLUEPRINT,IHECRE00002651.1,80375039,0.988706,0.613696,0.00059286,0.0367896
074cd970-58f1-4d29-b4ba-d21792f4ccd2,BLUEPRINT,IHECRE00002652.1,89547872,0.986932,0.622395,0.000743016,0.0272424
ceb29cdb-aab2-497d-ba20-65aeb193b434,BLUEPRINT,IHECRE00002653.1,28074939,0.987804,0.490523,0.000275525,0.0360235
c26cc196-96da-444b-b6ed-50ebccf5c951,BLUEPRINT,IHECRE00002654.1,94253272,0.974537,0.393745,0.00138623,0.0333663
e9b656e8-0080-445a-8d3c-6399de7981a4,BLUEPRINT,IHECRE00002655.1,81788199,0.987051,0.548473,0.000448958,0.0285699
d5ef8a2c-b8c2-4545-925b-e75d74a97b38,BLUEPRINT,IHECRE00002656.1,74321190,0.986025,0.558105,0.000737119,0.0314309
b573de11-ddbe-410f-992b-c0cbacf9aec7,BLUEPRINT,IHECRE00002657.1,109543956,0.981557,0.23369,0.00179634,0.0335957
5d1cacea-fa40-46d3-9f2e-6ef063d33c29,BLUEPRINT,IHECRE00002658.1,91445727,0.988235,0.626381,0.000315902,0.0323258
bff74167-5f4b-4617-acf6-faedbe28f7a1,BLUEPRINT,IHECRE00002659.1,75209902,0.985639,0.573725,0.000442615,0.0257369
dd0bad2f-3aa2-42a4-8987-b6b6eb80f08a,BLUEPRINT,IHECRE00002660.1,104426265,0.984317,0.689381,0.000456276,0.0402559
ea59672f-0632-4480-b9c6-9c70c7a67da5,BLUEPRINT,IHECRE00002661.1,95981476,0.97138,0.230455,0.00150892,0.0357441
6b525360-392d-4fdc-8e0d-4e43f0064520,BLUEPRINT,IHECRE00002662.1,89712007,0.98474,0.593562,0.000227817,0.0403237
d9c917fa-d38b-40a3-8642-46a4c330d620,BLUEPRINT,IHECRE00002663.1,96926644,0.986977,0.640597,0.000269128,0.036875
07e59980-c224-48f2-b490-5e967eecb2b1,BLUEPRINT,IHECRE00002664.1,98654630,0.984215,0.671009,0.00100697,0.0311015
07976593-2234-47ee-a662-ff7076ac5f84,BLUEPRINT,IHECRE00002665.1,95617126,0.970679,0.239174,0.00147596,0.0333585
8e81cc33-8875-48f9-89fb-d3d80eee08d1,BLUEPRINT,IHECRE00002666.1,104684890,0.986761,0.610168,0.000926543,0.0285023
cbdc7feb-f90c-4e70-8ff9-4f649ef12230,BLUEPRINT,IHECRE00002667.1,81932575,0.979601,0.643947,0.000265159,0.0309473
24568072-99b1-420a-b7cd-f54fcc8b6735,BLUEPRINT,IHECRE00002668.1,92693692,0.984805,0.635565,0.000441232,0.0272738
4429f995-f457-4aba-8ee5-9968bb0e1869,BLUEPRINT,IHECRE00002669.1,97365871,0.984786,0.568616,0.00058826,0.0286833
c7116b7f-d819-46ea-a0cc-f1ff76e422bb,BLUEPRINT,IHECRE00002670.1,97980793,0.98646,0.636188,0.000384081,0.0382661
a9b0233b-c88c-42c5-9236-3294101b7d54,BLUEPRINT,IHECRE00002672.1,84505778,0.988351,0.691481,0.000349719,0.0381151
9107b501-1291-450b-9cf4-88f7eb5fbf8c,BLUEPRINT,IHECRE00002673.1,115115020,0.959329,0.205345,0.00110502,0.0355999
18307c01-ac03-4f11-989a-ae1f0b93176a,BLUEPRINT,IHECRE00002674.1,118005805,0.917241,0.616205,0.00053654,0.0272121
7252798c-d4a9-4187-b542-31e9c1f89398,BLUEPRINT,IHECRE00002675.1,98890520,0.982057,0.278854,0.00551864,0.0339065
aa1873e5-3028-443e-ba13-92a9c802eabc,BLUEPRINT,IHECRE00002676.1,81437898,0.988078,0.594414,0.000824748,0.0250675
4f731ce3-1d0a-4c6d-bbe4-c1f742446feb,BLUEPRINT,IHECRE00002677.1,74211338,0.986488,0.604594,0.000497291,0.0346606
65d71dfa-b8cb-4dad-ad15-526b2722d617,BLUEPRINT,IHECRE00002679.1,103193587,0.981945,0.681598,0.000274873,0.0321172
d47e330e-5371-4aa8-9023-24d75a59bddd,BLUEPRINT,IHECRE00002680.1,125099628,0.967778,0.233359,0.00150582,0.0433311
729b8219-0412-4bac-a7ca-8b4319694014,BLUEPRINT,IHECRE00002681.1,89235851,0.862899,0.571967,0.000730934,0.0301259
d38ab4a3-b457-4877-b9f9-5543cae87b7c,BLUEPRINT,IHECRE00002682.1,113428228,0.972026,0.163415,0.000955175,0.024289
32565fc9-f9fb-44ce-a52c-3745b9cadf92,BLUEPRINT,IHECRE00002682.1,142888714,0.972273,0.446372,0.0237239,0.0402811
8a4c39f4-88a5-4347-9abb-75a2a411b9a4,BLUEPRINT,IHECRE00002683.1,94035922,0.986536,0.684015,0.000894774,0.031594
52849f70-055f-40d7-8f7f-7f23c1ab2b1e,BLUEPRINT,IHECRE00002684.1,118726936,0.980776,0.318848,0.00274415,0.0334934
eed9028f-1fd3-4ba6-aa25-4f1445b81d1a,BLUEPRINT,IHECRE00002684.1,47858150,0.977491,0.164023,0.00144416,0.022787
d141c4db-b49d-4edc-a3cc-81de96fab4ce,BLUEPRINT,IHECRE00002685.1,120094148,0.969446,0.355959,0.00471715,0.0400122
064a8d6b-58fc-4799-b69f-52e71b4308c0,BLUEPRINT,IHECRE00002686.1,85115429,0.987859,0.649799,0.000499833,0.0323512
81ba3c45-5bd2-4bd2-a822-086cfe6dc6b6,BLUEPRINT,IHECRE00002687.1,118402178,0.976813,0.536517,0.013629,0.0456412
ed996342-034a-439a-bc7c-c7dc02509a6a,BLUEPRINT,IHECRE00002688.1,116933088,0.98063,0.18092,0.000796952,0.035115
3c748320-542b-47ed-8889-a02a900cd76b,BLUEPRINT,IHECRE00002689.1,113190982,0.912731,0.601865,0.000763361,0.0334639
25b70070-6d50-40a4-a944-70d020316d60,BLUEPRINT,IHECRE00002690.1,94787320,0.985833,0.580024,0.000396717,0.0330009
bc8627dd-1468-4d86-a49c-045eb39b73b1,BLUEPRINT,IHECRE00002691.1,85055210,0.987183,0.629229,0.000433919,0.0272613
b8a1a0a3-06bc-4fe7-99a2-3da5c740135e,BLUEPRINT,IHECRE00002692.1,76083912,0.978231,0.69816,0.000905994,0.0512406
8c88d715-3f95-4d34-8b26-1a15495dba05,BLUEPRINT,IHECRE00002693.1,95972651,0.986539,0.627909,0.000461466,0.0342103
6b33a918-4e1e-4162-bad1-ca9bffa478de,BLUEPRINT,IHECRE00002694.1,92366868,0.884948,0.578702,0.00108079,0.0270183
b10d6833-37a0-4396-804c-f65fe91132a6,BLUEPRINT,IHECRE00002695.1,110132892,0.984947,0.671865,0.000664789,0.0331695
d22f7cde-0d27-4e8a-9725-da09c9c91a23,BLUEPRINT,IHECRE00002696.1,118761570,0.973317,0.186459,0.000893768,0.0394277
3d4705f5-02ef-4c71-9ee0-89600b5449cb,BLUEPRINT,IHECRE00002697.1,115321028,0.973759,0.234577,0.000935083,0.0325785
76f979d5-66f8-4912-b03e-f6dfea25592f,BLUEPRINT,IHECRE00002698.1,105979038,0.973881,0.231912,0.00150434,0.0351535
fc4933c6-b4b8-419a-95eb-c112d06eb27a,BLUEPRINT,IHECRE00002699.1,95155237,0.988525,0.615785,0.00204588,0.0300365
fd92fe4d-21dc-4e19-8e78-30af68a038eb,BLUEPRINT,IHECRE00002700.1,109495758,0.966191,0.175755,0.00121548,0.0211615
31545006-6f66-4416-bf13-fbfe558dcdba,BLUEPRINT,IHECRE00002700.1,112419224,0.975717,0.473813,0.0221385,0.0403812
b15cdf17-bee6-46de-a403-a80594fad080,BLUEPRINT,IHECRE00002701.1,83265326,0.966438,0.732,0.00113134,0.0386046
f93c16ba-9a65-4ac7-9035-bc85b9700532,BLUEPRINT,IHECRE00002702.1,183868142,0.98102,0.290854,0.00458867,0.0368252
c2b99c43-caf6-4d20-873e-32268cac0fdd,BLUEPRINT,IHECRE00002702.1,60002308,0.9762,0.144853,0.00119669,0.0247439
c0c610a7-4faf-4d35-b64f-c78efd46e80f,BLUEPRINT,IHECRE00002703.1,100922371,0.987134,0.658799,0.000383914,0.0317019
38d38314-b024-4e7a-82a7-71b2d6008d4f,BLUEPRINT,IHECRE00002704.1,93063954,0.865273,0.594691,0.000882637,0.0300651
6e719edc-dfb1-4649-8795-ca3d25523ae9,BLUEPRINT,IHECRE00002705.1,109120350,0.969419,0.214028,0.0011043,0.0345349
a4055cfb-2696-4261-bad0-654cbe15d4ce,BLUEPRINT,IHECRE00002706.1,68011033,0.97742,0.552134,0.00159092,0.0281115
60fd7595-7047-48a1-a780-dedf82b963fd,BLUEPRINT,IHECRE00002707.1,104599200,0.9851,0.617633,0.00050779,0.0284368
7892ad9c-2b7e-438d-89e4-7b44e475b1eb,BLUEPRINT,IHECRE00002708.1,106990678,0.977462,0.184075,0.000820669,0.0365252
5f87a284-5654-46fa-bee6-c01c380ada34,BLUEPRINT,IHECRE00002709.1,101717865,0.98447,0.637786,0.000196988,0.0360644
03c55509-c54d-4afe-af34-da72f75fe7bd,BLUEPRINT,IHECRE00002710.1,110037536,0.97005,0.207049,0.0013166,0.0334961
b6767f27-cef7-452e-a1dc-821dd43a6ee0,BLUEPRINT,IHECRE00002711.1,100556981,0.977955,0.624641,0.000890755,0.0253498
fc97064a-b6e6-489f-baf6-20f8594341f3,BLUEPRINT,IHECRE00002712.1,105719733,0.987179,0.6353,0.000190218,0.0388857
0da3ea26-11ba-4e18-8d26-787d518082c8,BLUEPRINT,IHECRE00002713.1,34774839,0.987279,0.398749,0.000631822,0.0405897
41802aa1-c959-4d7d-bc0f-5c756c136858,BLUEPRINT,IHECRE00002714.1,27513645,0.98723,0.447657,0.00036639,0.0351597
0095cb38-0f74-40fb-91d1-ddb93d01c25e,BLUEPRINT,IHECRE00002715.1,90028278,0.978796,0.538943,0.000690666,0.0293579
f3504cd1-7bdd-4649-b20e-578e477fffe7,BLUEPRINT,IHECRE00002716.1,102732664,0.978069,0.351323,0.00530515,0.0435106
b9aedff6-6962-4336-8c44-281b35830189,BLUEPRINT,IHECRE00002717.1,95417254,0.98606,0.618245,0.000954657,0.0284649
9d73dc61-9825-4a4d-a778-1f23bc236498,BLUEPRINT,IHECRE00002718.1,109454474,0.981892,0.338355,0.00586603,0.0371395
73331692-fa6c-447d-8676-bf910da1e06d,BLUEPRINT,IHECRE00002718.1,65825232,0.971672,0.188702,0.00146948,0.0205424
9f6115d4-404e-40c9-b80f-23f07c721713,BLUEPRINT,IHECRE00002719.1,75879090,0.98495,0.583458,0.000419403,0.0375877
8db29d12-667d-49ce-8629-8a5bda1b3e73,BLUEPRINT,IHECRE00002720.1,76158577,0.976159,0.59285,0.000685069,0.0268543
f46a9784-f4db-4a7e-9fa7-e16296f767dc,BLUEPRINT,IHECRE00002721.1,71028197,0.988043,0.615594,0.000481384,0.0343713
656c5c65-383f-4ae6-9c98-25ffa991b41e,BLUEPRINT,IHECRE00002722.1,106396932,0.981582,0.296434,0.00641208,0.03681
bdb6db9d-cb9f-471c-8cca-317850346245,BLUEPRINT,IHECRE00002722.1,55176130,0.96863,0.118774,0.00148913,0.0235717
d0b9c198-de6d-4034-b869-994e4f19be37,BLUEPRINT,IHECRE00002723.1,107703394,0.977498,0.204057,0.00127919,0.0324915
76250625-b83b-499a-9044-6c8fd369e593,BLUEPRINT,IHECRE00002724.1,87718250,0.987976,0.634071,0.000465271,0.0360494
871b14c1-0715-4567-bd1a-b4be7a2a3704,BLUEPRINT,IHECRE00002725.2,105512348,0.984621,0.664789,0.000290924,0.0362784
e4fce055-3141-4550-b12e-0ed42c486124,BLUEPRINT,IHECRE00002726.1,100397163,0.979899,0.621786,0.000279155,0.0381611
ef41a210-0701-4403-aba8-70d29f7e2824,BLUEPRINT,IHECRE00002727.1,105995502,0.985553,0.652045,0.000374588,0.0350121
f6ffaf0c-c280-456c-b38d-d76abba59353,BLUEPRINT,IHECRE00002728.1,74449918,0.976754,0.577684,0.00134183,0.0283092
d83c308a-a249-46b1-a6d1-2162bf725e1d,BLUEPRINT,IHECRE00002732.1,122118930,0.982806,0.279902,0.00468184,0.036772
3d2a2f5f-b637-409e-bd9b-55c4b2913dd4,BLUEPRINT,IHECRE00002732.1,41477600,0.9766,0.12466,0.00115921,0.0241306
ff935a02-44d1-4815-885e-56e43011b5e5,BLUEPRINT,IHECRE00002733.1,135472804,0.976362,0.283096,0.00363606,0.0335743
a19b10a4-936b-4530-94fb-0135691b6e97,BLUEPRINT,IHECRE00002733.1,60863570,0.978263,0.134343,0.00111223,0.0229606
50ad8094-e9f9-4017-957c-83a11c9868fd,BLUEPRINT,IHECRE00002746.1,39733733,0.809256,0.59957,0.0338503,0.0666166
99f3c231-faca-4e06-bacf-2783727f1143,BLUEPRINT,IHECRE00002750.1,42304850,0.687604,0.629734,0.0350345,0.063998
cd9bddc0-42c5-4128-84ce-2800c15b22eb,BLUEPRINT,IHECRE00002751.1,43009324,0.941826,0.655837,0.0165536,0.050406
06bed9a2-6cf9-4226-b739-02ce98e5f2cc,BLUEPRINT,IHECRE00002757.1,42667002,0.720287,0.661597,0.037987,0.0735009
3b591365-5166-418b-b39e-bac5c9023482,BLUEPRINT,IHECRE00002767.1,34347443,0.946713,0.681093,0.0195289,0.0555003
c340c505-f737-4f0f-9348-ebefec732317,BLUEPRINT,IHECRE00002782.1,53361635,0.687105,0.61145,0.0329597,0.0663784
3d92e40b-2a35-4238-ab82-040321ac3be8,BLUEPRINT,IHECRE00002791.1,40159337,0.937746,0.750795,0.0362175,0.076082
4ae6d4eb-62a6-44f2-b6ef-5a8fcd08407b,BLUEPRINT,IHECRE00002802.1,47640888,0.90803,0.698714,0.0387741,0.0597746
897dae53-5ee9-4395-93bc-33623e1d1124,BLUEPRINT,IHECRE00002803.1,33014958,0.901253,0.706621,0.0335899,0.0640451
5e6cc904-0c49-4a82-8bf0-1f727f9f37fa,CEEHRC_[CEMT],IHECRE00000001.4,470504338,0.983107,0.493464,0.00945321,0.0117134
769a517a-a6e7-4ca3-88ca-108825bdf255,CEEHRC_[CEMT],IHECRE00000221.3,243544588,0.903094,0.425956,0.0127226,0.0318337
72602281-55bc-4f7f-bfbf-4d260c0c511e,CEEHRC_[CEMT],IHECRE00000222.3,289714556,0.919647,0.455383,0.0072498,0.0212598
10e518f4-c2f1-4f0f-a329-327c5a9060bb,CEEHRC_[CEMT],IHECRE00000223.3,284033608,0.968289,0.315182,0.0228573,0.0136633
a628bed2-d6b3-4f13-a6ea-06fe5aa09e9d,CEEHRC_[CEMT],IHECRE00000224.3,293213844,0.970711,0.41109,0.0420689,0.00973691
9b6b8cee-c3e6-4521-bacf-39dba4837bcd,CEEHRC_[CEMT],IHECRE00000225.3,462339800,0.968422,0.483673,0.010323,0.00609391
500162af-591d-4441-82b1-2c758c535bd9,CEEHRC_[CEMT],IHECRE00000226.3,237175810,0.954701,0.369093,0.00692781,0.0239336
84347aa1-1253-40b4-822c-2b970cf167d5,CEEHRC_[CEMT],IHECRE00000227.3,471434742,0.98353,0.527542,0.00964249,0.008114
8e386c5a-ea4f-4235-9e2f-634a18791d8b,CEEHRC_[CEMT],IHECRE00000228.3,220400356,0.954665,0.306189,0.0115531,0.0207781
52b09d83-6991-4941-819d-d40c3ee0ccb6,CEEHRC_[CEMT],IHECRE00000229.3,485808692,0.973108,0.296918,0.00486325,0.0418442
9070ae8d-f458-42d7-9975-fc6000de03a0,CEEHRC_[CEMT],IHECRE00000230.3,229428448,0.871935,0.617006,0.021346,0.0153613
14e3f89d-96a5-47ad-b7c5-533e505ebafa,CEEHRC_[CEMT],IHECRE00000231.3,281535282,0.957078,0.287175,0.0144768,0.0147896
b033909e-a5e3-4621-8f62-c2be73940b47,CEEHRC_[CEMT],IHECRE00000232.3,309132966,0.964472,0.286672,0.0065959,0.0258768
96492645-5ee3-4f34-8092-ce230090dff7,CEEHRC_[CEMT],IHECRE00000233.3,314891726,0.957603,0.347524,0.00589127,0.0193191
2b4b3889-7f86-46e5-9926-44238a1e6376,CEEHRC_[CEMT],IHECRE00000234.3,581664472,0.955091,0.330204,0.00683755,0.0286624
fac035b0-744b-4735-a5ae-ea3f2a3dea74,CEEHRC_[CEMT],IHECRE00000235.3,264443464,0.960526,0.307552,0.00366933,0.0235535
d6b9beff-d8b9-408c-abab-61e913a7ae50,CEEHRC_[CEMT],IHECRE00000236.3,221065322,0.94337,0.36616,0.0144254,0.0211985
44c294a9-a919-422e-9a9a-17beabdbc46d,CEEHRC_[CEMT],IHECRE00000237.3,273537000,0.95851,0.367283,0.0137399,0.0113439
71194228-9b48-4adc-9d60-ca1fd6d3bd29,CEEHRC_[CEMT],IHECRE00000238.3,309884362,0.918509,0.54936,0.0358525,0.0227797
3e7be691-1aee-4535-8892-99521536f514,CEEHRC_[CEMT],IHECRE00000239.3,257330984,0.967338,0.250812,0.00508135,0.0236124
3b1a21f8-3691-4936-ae4b-858927b13c13,CEEHRC_[CEMT],IHECRE00000240.3,313614802,0.972744,0.261112,0.0188875,0.0275797
cb8a19fe-5d54-4cf1-bc64-25ee6aaff71a,CEEHRC_[CEMT],IHECRE00000241.3,473853146,0.976993,0.51442,0.00570136,0.0329565
25afc428-3f1a-448b-a569-a6f4479a4fc0,CEEHRC_[CEMT],IHECRE00000242.3,285671234,0.963832,0.257605,0.00991796,0.0164155
c3ee3d71-bd37-4db2-93e3-cf9f63076212,CEEHRC_[CEMT],IHECRE00000243.3,250740942,0.945862,0.421804,0.037826,0.0290883
ffe5a319-b9ad-4314-8388-2502c9996d8d,CEEHRC_[CEMT],IHECRE00000244.3,290887240,0.968413,0.284131,0.0122323,0.0188798
03d538cd-6d19-45ed-979a-aaddf3c80691,CEEHRC_[CEMT],IHECRE00000246.3,488749118,0.971876,0.493404,0.00698882,0.0260051
ba73344b-b40f-4988-a9be-2e22b9a90c7d,CEEHRC_[CEMT],IHECRE00000247.3,258617210,0.958274,0.345584,0.00473993,0.0311247
18cb7b21-5ac3-4760-9078-06ab41a533df,CEEHRC_[CEMT],IHECRE00001002.4,418726670,0.958471,0.329243,0.0691431,0.0187601
fe29bd07-ccfb-48c6-a051-3372001a4737,CEEHRC_[CEMT],IHECRE00001003.4,206685996,0.96361,0.495682,0.0563338,0.0115069
8e9cf398-e663-4b65-a4ec-a78185801c49,CEEHRC_[CEMT],IHECRE00001004.4,272073684,0.951585,0.284683,0.018436,0.0178915
30e34f60-bcc4-4007-ae12-7570c7041c52,CEEHRC_[CEMT],IHECRE00001005.4,199364478,0.94395,0.513312,0.049775,0.0130248
b25b5207-8a23-4c06-8f54-cb5748eda938,CEEHRC_[CEMT],IHECRE00001006.4,231264098,0.954083,0.514823,0.0556778,0.0130751
25df5a35-188c-4282-b6eb-a55366a3a745,CEEHRC_[CEMT],IHECRE00001007.4,150893580,0.978374,0.534854,0.0680613,0.0103024
a744571f-f46d-4147-8b5a-7e72be8bca14,CEEHRC_[CEMT],IHECRE00001008.4,164245436,0.974619,0.236756,0.00456241,0.0103728
90e6a869-5465-4667-83b4-4a14d53772f4,CEEHRC_[CEMT],IHECRE00001009.4,175955356,0.980304,0.49384,0.0355702,0.0129615
bd5a670b-d91a-41d8-a0b4-38bd1dd966c3,CEEHRC_[CEMT],IHECRE00001010.4,267056960,0.911866,0.575342,0.0660987,0.0246744
8e2eafa7-d1b1-46d1-89d3-128a9e568fdc,CEEHRC_[CEMT],IHECRE00001011.4,282380816,0.953834,0.466546,0.052101,0.0186248
75ffff3d-478d-4792-8463-8dd48dbd5be0,CEEHRC_[CEMT],IHECRE00001012.4,174042842,0.977996,0.354333,0.0330016,0.0104473
8bc3b3f7-974a-4d17-a4e3-4a236086eae3,CEEHRC_[CEMT],IHECRE00001013.4,170236710,0.931394,0.433445,0.0298954,0.0100908
1aae4f07-bda4-4ca0-8b3f-a7d89b873f11,CEEHRC_[CEMT],IHECRE00001014.4,248852560,0.916204,0.526455,0.0443022,0.0114305
14fbeb9c-3897-4530-bda6-b077ccad6edd,CEEHRC_[CEMT],IHECRE00001015.4,166962302,0.970671,0.261489,0.0126575,0.0097508
b8b24cf3-d343-4fea-a232-a05e302ead3f,CEEHRC_[CEMT],IHECRE00001016.4,131090276,0.818455,0.489612,0.0341343,0.011778
9de8d910-04d3-4bdb-bfce-06016e91f4bd,CEEHRC_[CEMT],IHECRE00001017.4,202680930,0.965003,0.508899,0.0507044,0.0208053
c1c00080-d717-4cd9-bd25-809e5a122e58,CEEHRC_[CEMT],IHECRE00001018.4,214312026,0.850837,0.497855,0.0127434,0.00922908
1685e343-706d-4d59-9668-7f5b3f0afa01,CEEHRC_[CEMT],IHECRE00001019.4,162954698,0.980953,0.363544,0.0284054,0.0105566
3a3f47b8-45c7-4cc8-ac8e-b0fc14b24bf5,CEEHRC_[CEMT],IHECRE00001020.4,139944056,0.948192,0.432194,0.0515243,0.0128803
49b49486-cee5-417c-8ea8-97c257c742bc,CEEHRC_[CEMT],IHECRE00001021.4,254070402,0.96048,0.364196,0.0159686,0.0170326
b62bdeb2-9deb-43a1-a898-4cbc0281735c,CEEHRC_[CEMT],IHECRE00001022.4,280413842,0.960375,0.554507,0.0526125,0.0126521
00f160fc-eb00-44ad-9c6c-2661720ceb84,CEEHRC_[CEMT],IHECRE00001232.5,215670206,0.936203,0.276449,0.012492,0.0136648
187f6270-d3f1-452a-a345-fe2bb2095897,CEEHRC_[CEMT],IHECRE00001233.5,201515840,0.948251,0.401118,0.0429194,0.0127717
af9992bc-129a-4695-abd1-749beff525fc,CEEHRC_[CEMT],IHECRE00001234.5,194805764,0.906268,0.391284,0.0450322,0.0135196
2d9cae38-8228-4824-b5c6-7ac597cf251d,CEEHRC_[CEMT],IHECRE00001235.5,212527004,0.945606,0.223536,0.0122788,0.0138969
a6a66c74-3570-4366-aa2c-8cb9bd8549cc,CEEHRC_[CEMT],IHECRE00001236.5,195700122,0.931815,0.190707,0.00717281,0.0154949
09116c11-7fa8-4e48-b956-872689e48f48,CEEHRC_[CEMT],IHECRE00003660.4,255995038,0.982116,0.175059,0.00772709,0.0245072
c0a96b6e-cad9-4e2a-b013-d97edd5eb053,CEEHRC_[CEMT],IHECRE00003675.3,244911180,0.96193,0.171979,0.0117932,0.0172966
807b412c-826e-419c-ac6c-a5c310c42aa0,CEEHRC_[CEMT],IHECRE00003676.3,240503794,0.957208,0.202017,0.0128223,0.015871
cebc470a-1a4c-4260-9782-c807f2684299,CEEHRC_[CEMT],IHECRE00003677.3,228759452,0.953045,0.131677,0.012479,0.012692
59c69523-6490-435f-824c-ec83ecfce93a,CEEHRC_[CEMT],IHECRE00003678.3,246208758,0.942619,0.297308,0.0334216,0.016092
ed3e2329-efd5-4001-84fe-438b89cf18f7,CEEHRC_[CEMT],IHECRE00003679.3,244567692,0.947268,0.250208,0.0289449,0.0174358
1db2321f-f421-472b-94e6-992e700304e6,CEEHRC_[CEMT],IHECRE00003680.3,272196818,0.961677,0.152848,0.0106332,0.014923
57183812-ca27-47ac-808d-3f8e099b5e21,CEEHRC_[CEMT],IHECRE00003682.3,268615960,0.966836,0.160432,0.0157042,0.0159802
d2f1b3bb-d9e1-4446-8532-d60688227400,CEEHRC_[CEMT],IHECRE00003683.3,215075224,0.973399,0.176412,0.00761269,0.0119138
c00f1985-1828-46b0-a593-1ba54b8a284a,CEEHRC_[CEMT],IHECRE00003684.3,266362398,0.97139,0.177546,0.00274545,0.0111172
113804dd-ceb7-4f22-b8d7-718ab9a4c21e,CEEHRC_[CEMT],IHECRE00003685.2,238802640,0.976409,0.271477,0.0109698,0.00884564
67c848ff-d4d1-4d36-bed0-4ec4884adb04,CEEHRC_[CEMT],IHECRE00003686.3,226258424,0.977089,0.216421,0.00441108,0.0100441
a6730b71-4d60-426b-a42a-6718e02107f0,CEEHRC_[CEMT],IHECRE00003687.3,214004928,0.976612,0.457552,0.0293903,0.0159438
85155a2c-d4ed-4bc1-ae2c-9c9aa8aa791e,CEEHRC_[CEMT],IHECRE00003688.3,195485232,0.981479,0.371119,0.0237775,0.0154724
7b8e570d-9224-4f8b-afff-60e9e34e5dc2,CEEHRC_[CEMT],IHECRE00003689.3,263577618,0.972943,0.155963,0.00762758,0.025115
5f2c7230-0551-4856-be05-e136564f953b,CEEHRC_[CEMT],IHECRE00003690.3,264268812,0.985553,0.230338,0.0106063,0.0147382
3b78b0a0-4ee1-4803-bf18-7b5909b7aeca,CEEHRC_[CEMT],IHECRE00003691.3,275897426,0.96022,0.212696,0.00561696,0.0133773
6b96469b-0ee9-454e-a40f-bf490bede3da,CEEHRC_[CEMT],IHECRE00003692.4,249742854,0.983974,0.122139,0.00239741,0.0151043
a2fb02f2-fae7-4f69-9161-eb0da168da13,CEEHRC_[CEMT],IHECRE00003693.3,247565092,0.986598,0.187815,0.00637248,0.015536
64e1f706-81e9-42c1-9241-762d41f011c8,CEEHRC_[CEMT],IHECRE00003694.3,239328984,0.983976,0.215519,0.00761012,0.0164328
9aa8eeb5-ca15-4624-a56f-a698eb26e903,CEEHRC_[CEMT],IHECRE00003695.3,246045928,0.980304,0.232238,0.00847413,0.012801
18403ed9-66a2-493a-829b-4730c5c089d5,CEEHRC_[CEMT],IHECRE00003696.3,233464542,0.966716,0.280347,0.0100594,0.0167288
dcc31dd2-401c-433e-a835-f8694775a48f,CEEHRC_[CEMT],IHECRE00003820.2,140988250,0.919489,0.790252,0.0000245917,0.0608373
c1325b51-e61f-4cad-8363-11a5d1b6d86e,CEEHRC_[CEMT],IHECRE00003821.3,265770584,0.983633,0.141135,0.00535568,0.0189202
27478127-855f-41cd-9274-8b8dca211309,CEEHRC_[CEMT],IHECRE00003822.3,346883534,0.932633,0.213405,0.00381435,0.0260245
09475323-07cf-46e1-8c6f-1de61a09050d,CEEHRC_[CEMT],IHECRE00003823.2,130748052,0.920434,0.728131,0.0000194857,0.0606273
cb040f88-af8e-414b-ae61-5144f89dde92,CEEHRC_[CEMT],IHECRE00003824.4,74096332,0.792974,0.0944271,0.000203007,0.0367936
e2455886-127c-48f7-a27e-0be777906700,CEEHRC_[CEMT],IHECRE00003825.5,88517804,0.925284,0.352839,0.000126782,0.0823837
12d948d8-6812-4f79-ae1d-01ea397779b9,CEEHRC_[CEMT],IHECRE00003826.4,100595598,0.944711,0.2677,0.000055496,0.0766322
b50d898b-5b6c-4c77-bb2b-c59106a706d9,CEEHRC_[CEMT],IHECRE00003827.1,258121042,0.943368,0.29109,0.00353445,0.0325297
04157b61-df24-4e4f-a90b-6ca481bdc80d,CEEHRC_[CEMT],IHECRE00003828.3,286285444,0.986246,0.166145,0.00648531,0.017666
ea204d94-19d4-4572-99ad-128bdd02c134,CEEHRC_[CEMT],IHECRE00003829.4,73238270,0.814725,0.127028,0.000105197,0.041189
5d343dc7-af72-4d8d-953c-da972a1af1ca,CEEHRC_[CEMT],IHECRE00003830.4,86127546,0.659724,0.377607,0.000737271,0.0374388
35949579-4d35-43a9-94e3-9c7bab27f263,CEEHRC_[CEMT],IHECRE00003831.2,142872022,0.926043,0.768302,0.0000190544,0.0486568
73f0430e-4ae9-4602-be55-9bb832268c99,CEEHRC_[CEMT],IHECRE00003832.2,289536918,0.942918,0.182041,0.001514,0.0310988
33ad78f8-8cce-4b03-a0e7-f0138d25697d,CEEHRC_[CEMT],IHECRE00003833.4,66264386,0.26864,0.161628,0.000760734,0.102227
3d8fbe0c-f6de-4d69-9ee4-fbab6d400f21,CEEHRC_[CEMT],IHECRE00003834.5,64926186,0.87093,0.365296,0.000716352,0.0256398
5eeafd72-65dc-48f0-98e2-ad562f4330bf,CEEHRC_[CEMT],IHECRE00003835.4,59642134,0.825772,0.0641273,0.0000818058,0.0442551
55092232-b217-4788-8beb-de269f09d31c,CEEHRC_[CEMT],IHECRE00003836.3,270312210,0.978558,0.139409,0.00748056,0.023217
a32b86ee-df8f-4bce-806f-3bdaac79f5d9,CEEHRC_[CEMT],IHECRE00003837.4,85505812,0.275949,0.0699705,0.000026446,0.0480852
2a3f33a7-9c86-472c-b11e-ecd12df76c25,CEEHRC_[CEMT],IHECRE00003838.5,97467278,0.928464,0.350051,0.0000629981,0.0810151
e9e5be45-1ca7-4db5-a47e-99efe950352e,CEEHRC_[CEMT],IHECRE00003839.3,264924304,0.97962,0.132822,0.00730203,0.0205724
5b445b50-f1b9-4663-88cd-0a802959c4b3,CEEHRC_[CEMT],IHECRE00003840.2,151762568,0.920194,0.807377,0.000017823,0.0486792
b2f84a31-1c30-41d8-976c-6ed65f03dd88,CEEHRC_[CEMT],IHECRE00003841.3,266213552,0.983959,0.132193,0.00649939,0.0187878
f129a5ad-c2b5-4bc0-a538-dbf6aa4917ff,CEEHRC_[CEMT],IHECRE00003842.2,257409992,0.909946,0.228697,0.001083,0.0363619
23911c5a-7cc2-4f1b-8a66-6f551c78ef88,CEEHRC_[CEMT],IHECRE00003843.4,62710216,0.708194,0.0798387,0.000330864,0.0692124
9b17753b-b5eb-4af6-b7d2-6a46044265ba,CEEHRC_[CEMT],IHECRE00003845.2,176908410,0.944732,0.150889,0.00163782,0.035974
53e00ffc-e4ee-471a-aebb-4ed13367fb9f,CEEHRC_[CEMT],IHECRE00003846.4,73253056,0.76478,0.19704,0.00152683,0.0398938
3b264b10-8664-467d-9dc5-fc7b5ddddabd,CEEHRC_[CEMT],IHECRE00003847.4,85230940,0.815475,0.0713371,0.0000291783,0.0341437
87e701ba-8f3d-40ae-88af-d359a0478339,CEEHRC_[CEMT],IHECRE00003848.5,68924410,0.434151,0.335964,0.00153524,0.0696522
58fb96ab-255e-45bb-bbb2-a3ff50217cf1,CEEHRC_[CEMT],IHECRE00004602.2,60783070,0.578153,0.109163,0.000514229,0.0530385
4955ced4-ac0a-4fe3-a6c8-7f7efb289073,CEEHRC_[CEMT],IHECRE00004603.3,205670054,0.793511,0.150743,0.000310377,0.0374137
a9f46924-7817-4c36-b40d-3ae0e3bc66c3,CEEHRC_[CEMT],IHECRE00004604.3,192686330,0.697165,0.25428,0.000127123,0.0359667
096ae7ab-dc60-45cf-b5b5-4cc4ae80d0f7,CEEHRC_[CEMT],IHECRE00004605.1,292770600,0.98098,0.276832,0.00928914,0.0134943
a666a7b9-3276-4dea-92c0-7201c54cfe6d,CEEHRC_[CEMT],IHECRE00004606.2,306362052,0.971576,0.259506,0.0225151,0.0155381
af6cb2bb-0c93-48d6-9b1e-8e2dbbce6254,CEEHRC_[CEMT],IHECRE00004607.2,350154352,0.971843,0.251887,0.0152682,0.0168023
ceb05341-03bd-4d4e-9cd3-5cf6f1e0d1c1,CEEHRC_[CEMT],IHECRE00004608.1,278671516,0.969123,0.250062,0.0125444,0.0130838
392dbdce-ea0e-4444-8101-f9bb7437a0bd,CEEHRC_[CEMT],IHECRE00004609.2,294757702,0.970683,0.170332,0.00828762,0.0165474
81f916cb-758a-4cae-87ea-e50b2acad049,CEEHRC_[CEMT],IHECRE00004610.2,291352820,0.971175,0.167691,0.00619333,0.015147
b342ccda-99a0-42b7-9c6f-6ef514ae0219,CEEHRC_[CEMT],IHECRE00004614.1,302525024,0.968383,0.179094,0.0101177,0.0159061
0f53ca01-6157-41d7-9d9a-d95fe24f2e3c,CEEHRC_[CEMT],IHECRE00004615.1,290616898,0.967044,0.205048,0.00828171,0.0148725
2626c048-5709-4df4-9500-59dcbaaa04af,CEEHRC_[CEMT],IHECRE00004616.1,312702504,0.958615,0.257984,0.0214302,0.0206193
9c4582fc-b49c-4067-9229-fe17ba242cfe,CEEHRC_[CEMT],IHECRE00004617.2,311310124,0.968263,0.183748,0.0111455,0.0153893
11410004-5034-4eeb-a246-6620e7e4c922,CEEHRC_[CEMT],IHECRE00004618.1,322270486,0.970453,0.192264,0.00842631,0.0135957
b527ce99-f702-4f34-b3b5-d8b7b6f1c98c,CEEHRC_[CEMT],IHECRE00004620.2,234962264,0.979525,0.130654,0.0105187,0.0151156
f978fbce-989a-487c-a1dd-eb1915c6cd59,CEEHRC_[CEMT],IHECRE00004621.2,229406728,0.977514,0.099307,0.00591354,0.0164847
897b191f-f708-4860-a367-b9cee1258ce8,CEEHRC_[CEMT],IHECRE00004725.1,319650148,0.943933,0.228637,0.00279962,0.0228345
7c0f72ec-87ad-4291-9fb3-7463af6397f6,CEEHRC_[CEMT],IHECRE00004726.1,205485612,0.982846,0.0815552,0.00753601,0.0163671
7981f602-8704-4168-9497-b002c1ea4e7e,CEEHRC_[CEMT],IHECRE00004727.1,238009312,0.952653,0.231164,0.0228356,0.0176439
601aea01-8899-49cd-88e2-4fd9da9ac743,CEEHRC_[CEMT],IHECRE00004728.1,219228404,0.955997,0.193298,0.0154219,0.0164328
5dded7fa-e6fa-4d29-b9e8-5b891df442e9,CEEHRC_[CEMT],IHECRE00004729.1,230531156,0.98073,0.098546,0.00452321,0.015938
da10195a-ae90-46aa-91f9-a3e28d92bad5,CEEHRC_[CEMT],IHECRE00004730.1,230013652,0.966481,0.189914,0.0162238,0.0169553
b25df682-d2d6-4a73-add2-8f05ef961052,CEEHRC_[CEMT],IHECRE00004731.1,215008056,0.96904,0.176966,0.00808819,0.0117466
f9cc886d-1279-4a5a-a639-830a15d4be4c,CEEHRC_[CEMT],IHECRE00004732.1,277462380,0.975749,0.128919,0.00378896,0.0125224
b50199b8-2e10-43bb-a014-96e7486b342d,CEEHRC_[CEMT],IHECRE00004734.1,247267716,0.975015,0.139169,0.00452847,0.0139891
fc17ebb3-ee4e-40f1-aea0-6842fa8bd908,AMED-CREST,IHECRE00001875.2,147334802,0.970286,0.587,0.00848738,0.0099163
4567584a-7a15-4d86-83ec-3d8585c98e63,AMED-CREST,IHECRE00001878.2,161273378,0.973495,0.579541,0.0144429,0.0116009
13207087-ed80-47aa-8ca8-ffaf7fb6289f,AMED-CREST,IHECRE00001952.2,289074856,0.984421,0.327913,0.00380743,0.00774407
2c537aaf-2773-49b6-8402-f8a440ee4f73,AMED-CREST,IHECRE00001953.2,229628508,0.978998,0.531127,0.00435413,0.0106124
3b2ef158-18fd-4956-8b51-cadc18d54daa,AMED-CREST,IHECRE00001954.2,271940640,0.986908,0.335225,0.0035065,0.00762011
00e7dc7e-8931-4794-ac86-51e4f94416e0,AMED-CREST,IHECRE00001955.3,395947246,0.990886,0.4391,0.00191712,0.00855848
1372bc41-de55-4a06-8f0f-f4b31707ceb8,AMED-CREST,IHECRE00001956.2,235543558,0.987277,0.302186,0.00351319,0.00451357
c20a8eaf-88ea-49cb-bee7-3eec4dcf51e9,AMED-CREST,IHECRE00001957.2,286411844,0.985135,0.290815,0.00461021,0.00911483
42229813-b98a-49f0-81b1-cb665e82def6,AMED-CREST,IHECRE00001958.3,359379660,0.98853,0.43933,0.0034478,0.00851415
ba561169-2dc1-49bb-9a63-e42bec8df77e,AMED-CREST,IHECRE00001959.2,315862140,0.942309,0.54258,0.00225518,0.00933347
1fb1921d-5c1c-48f3-a19d-6f9eca412b64,AMED-CREST,IHECRE00001960.2,234166218,0.978153,0.517532,0.00298738,0.0128142
6ea341e3-387d-419f-8ed8-e1539a168494,AMED-CREST,IHECRE00001961.2,268593882,0.931029,0.419388,0.00123495,0.00762781
c682956d-3a7c-4f9f-9a2d-b7b0e88e56b4,AMED-CREST,IHECRE00001962.2,292700300,0.993206,0.516212,0.00371817,0.0159128
804c4d93-cab9-41ee-bf69-4e58041d4351,AMED-CREST,IHECRE00001963.2,301351966,0.975712,0.556216,0.00767335,0.015533
fe56976a-9f73-4c4a-84ac-577e8f3c7f0f,AMED-CREST,IHECRE00001964.2,328500168,0.981016,0.342911,0.00522032,0.00876804
07f738e7-5fd5-4164-a468-4c86f2fb6e52,AMED-CREST,IHECRE00001965.2,365074422,0.975669,0.395611,0.00423756,0.00818788
88ae77fa-bda2-49c3-821f-9d3c7488c4bf,AMED-CREST,IHECRE00001966.2,232625556,0.98411,0.307514,0.00292304,0.00432574
1eee75b0-060e-4557-a6de-24d165af19bd,AMED-CREST,IHECRE00003396.1,67300774,0.960546,0.322661,0.0121306,0.0137452
cb9cddd8-c1fc-4c38-80d5-5c0e00c92ed8,AMED-CREST,IHECRE00003398.1,76119422,0.96575,0.29991,0.00825269,0.0143249
1103bb78-1989-494f-b86d-51c995094f2f,AMED-CREST,IHECRE00003400.1,87490146,0.957929,0.406727,0.0151906,0.0125755
d41dd20b-a848-4a11-9572-3ea794f0a6fb,AMED-CREST,IHECRE00003401.1,74244494,0.964829,0.339949,0.0130811,0.013138
4ab04707-5512-4b9f-93cb-81c6f7cf0ffb,AMED-CREST,IHECRE00003402.2,102165732,0.975913,0.393089,0.0192785,0.00843585
4ae51ffa-4828-4fc1-ba12-fff1f911d536,AMED-CREST,IHECRE00003404.1,77593310,0.959543,0.359755,0.0204045,0.0123331
fbd30688-4fce-43fc-8ef9-4f40ffc02329,AMED-CREST,IHECRE00003715.2,255514224,0.982775,0.793615,0.00309765,0.00876999
e251cb67-8cb2-41a3-a471-cdfb5f396b82,AMED-CREST,IHECRE00003716.2,374713764,0.967103,0.936748,0.00245679,0.00816482
98ba659f-fc2c-4d00-bac7-1b9894ab72c8,AMED-CREST,IHECRE00003730.1,104604518,0.973202,0.363405,0.0106557,0.00793169
d4e3407c-ab62-4940-9bbe-40bcaeb283f2,AMED-CREST,IHECRE00004591.1,109990792,0.984654,0.228784,0.00527737,0.0102645
96423a8b-2863-42d6-aedc-5202829be9f2,AMED-CREST,IHECRE00004592.1,115052120,0.987512,0.220033,0.00568878,0.00910387
0a2c570f-9ded-4707-a5dc-c8c3acafff77,AMED-CREST,IHECRE00004594.1,115268720,0.983373,0.202844,0.0055245,0.00965309
23fb6618-07ec-4931-9bc1-5722e5df3b46,AMED-CREST,IHECRE00004595.1,122452798,0.981299,0.356064,0.00549136,0.00911267
727d4492-bb33-4d46-8720-2dded25a1fbd,AMED-CREST,IHECRE00004599.1,67367968,0.977349,0.452063,0.00774575,0.0166064
2799fb34-4662-4c89-8e19-2e227a0de71b,AMED-CREST,IHECRE00004600.1,75975264,0.982776,0.199192,0.0056283,0.00836006
bc31a103-c41c-4ebc-af0a-a89da784fe46,AMED-CREST,IHECRE00004601.1,49165024,0.989312,0.22258,0.00704881,0.00784995
e763c183-102f-4c3a-84d3-9fbc980c26db,DEEP,IHECRE00001895.1,329850656,0.974362,0.700203,0.0263223,0.109175
587d5956-ddf4-4135-9f37-dda72fa5a4b2,DEEP,IHECRE00001895.1,405252690,0.986719,0.493335,0.0572792,0.0130963
4300f72e-f023-4269-817a-f0a185eb15df,DEEP,IHECRE00001896.1,388186642,0.958157,0.662336,0.00282363,0.0755275
b9c47ab4-1050-41ad-a21d-30557e22d4d8,DEEP,IHECRE00001898.1,416467202,0.968403,0.334515,0.00131512,0.0321621
357c9953-0287-4359-9e1f-e566d15674c0,DEEP,IHECRE00001898.1,420411164,0.98387,0.449427,0.0106333,0.00864862
d74502c5-818f-47d5-bed9-785f736d02a0,DEEP,IHECRE00001899.1,410824442,0.985942,0.464488,0.012064,0.00659081
b7176f1b-77db-4e96-a6d2-3816cbf62129,DEEP,IHECRE00001899.1,428626404,0.975054,0.422026,0.00158957,0.0175978
aa16ed09-45f5-42f4-9f4b-c5e41d2766e8,DEEP,IHECRE00001900.1,416745474,0.961022,0.5106,0.0032793,0.0275027
8b79fa24-92f3-4d7b-b2a3-9b4748099ef9,DEEP,IHECRE00001900.1,493006824,0.930826,0.718356,0.00628609,0.00966718
3cc4457e-596a-41be-80ec-4ed029a2f641,DEEP,IHECRE00001901.1,228823448,0.924959,0.534824,0.00049613,0.0328827
5eb80748-24c7-405b-b66c-8841a69e43d9,DEEP,IHECRE00001901.1,398652262,0.887355,0.823956,0.00382991,0.0071526
560de905-97f7-4a31-bfc6-f2b37ca43d39,DEEP,IHECRE00001902.1,390462814,0.993019,0.539345,0.00931879,0.0151616
659f833a-730b-4604-83a8-4de18d25028c,DEEP,IHECRE00001902.1,414052888,0.988584,0.639811,0.0106463,0.0373807
8c45a968-d8b5-4166-93c0-63be9d96fdff,DEEP,IHECRE00001903.1,187613850,0.990572,0.583894,0.00435303,0.0078142
0db60b0e-b8d2-4e6e-8997-7850a0759c48,DEEP,IHECRE00001903.1,199939272,0.953472,0.475242,0.00035574,0.026444
0155b608-c0ae-4b58-8a58-5d21c4cb339e,DEEP,IHECRE00001904.1,181547620,0.944062,0.41023,0.000222577,0.0537999
d0b7f437-bc21-4f38-bc23-358cf545987c,DEEP,IHECRE00001904.1,188141902,0.9913,0.516969,0.00316159,0.00696974
20a634b9-55e4-4591-800d-f57f251ed6ce,DEEP,IHECRE00001905.1,183456676,0.988326,0.938448,0.00395702,0.00816808
5e73283b-bab7-440b-bff0-af197d65a422,DEEP,IHECRE00001905.1,219358692,0.95398,0.456301,0.00362221,0.0180432
d0974483-8d90-43a6-9109-c7105f9bd222,DEEP,IHECRE00001906.1,182541994,0.987216,0.319018,0.00037981,0.0232025
d4a24721-dc66-4056-a9eb-693beae9b598,DEEP,IHECRE00001906.1,190492950,0.987553,0.44759,0.00830652,0.00950251
42711739-180f-473c-8ff7-14a795560fcd,DEEP,IHECRE00001907.1,184533638,0.985082,0.406141,0.00860645,0.010618
9921e4ca-9c96-4b39-a3c6-d0dedeacf8f4,DEEP,IHECRE00001907.1,246186714,0.985927,0.270483,0.000974123,0.0368849
f85744fa-d139-4ddd-a39d-b45a691b16fa,DEEP,IHECRE00001908.1,171918194,0.987465,0.370891,0.00398134,0.0132092
b38ded35-28d3-41e5-9024-cd2608dc7e05,DEEP,IHECRE00001908.1,173038018,0.97951,0.20634,0.00099215,0.0222215
2b39c6f7-63d3-4b5c-a7c9-8cf7b8154ee7,DEEP,IHECRE00001909.1,543148976,0.936909,0.635896,0.0021246,0.0135465
3308e1e1-22bf-47ce-bfce-68d99c6d1867,DEEP,IHECRE00001909.1,624255750,0.895574,0.503826,0.00124975,0.0305304
582bbcbc-14df-4202-a43b-261946c3d5b3,DEEP,IHECRE00001910.1,162313242,0.981042,0.292799,0.00387456,0.0370122
de18aa0f-559e-495f-b314-39c3419f590b,DEEP,IHECRE00001910.1,176639252,0.9841,0.280319,0.00154155,0.0215061
6c63bf54-a67d-46ea-9f52-0ed914b40d84,DEEP,IHECRE00001911.1,148557752,0.978593,0.414235,0.00421689,0.0362065
f2d7590e-75e0-43fc-a55f-11b1e2ffa9d2,DEEP,IHECRE00001911.1,182614348,0.985743,0.441803,0.00253374,0.0170261
a44a5ce8-4e12-4b64-8fdc-f31fe2314b78,DEEP,IHECRE00001912.1,167557294,0.978811,0.292867,0.000131464,0.034513
201aa1d0-5a1e-4437-b438-c2d69a90ff18,DEEP,IHECRE00001912.1,170669350,0.98694,0.279263,0.00175134,0.0243586
6a57d36b-b717-4024-9ab2-ab7e87505b67,DEEP,IHECRE00001913.1,169683842,0.980919,0.379482,0.0069821,0.0295308
2a66c23c-b9db-44a3-9a67-d7c81f362ffa,DEEP,IHECRE00001913.1,200926084,0.985484,0.287377,0.00172827,0.0194203
20c36129-493d-4925-81f0-73130c735a97,DEEP,IHECRE00001914.1,169594820,0.986635,0.328201,0.00203795,0.0182193
043136f2-2c4b-4fa0-b56f-48215935231c,DEEP,IHECRE00001914.1,175240404,0.982507,0.341549,0.000767818,0.0294387
53f5f556-25d5-4ece-a3fc-31b5ee078948,DEEP,IHECRE00001915.1,176812962,0.977516,0.330525,0.00023742,0.0299546
44928aab-2986-4a1e-be5f-029d030ebe24,DEEP,IHECRE00001915.1,180720332,0.984647,0.322168,0.0022516,0.0219436
c5e4989f-0ac0-4f82-8e15-6b61670613fc,DEEP,IHECRE00001916.1,177837822,0.987652,0.348973,0.00192417,0.0186872
4708a9c6-ca9e-4ac3-8cf7-08408f055b96,DEEP,IHECRE00001916.1,183044936,0.98357,0.385261,0.0108792,0.0325264
26bc95a4-5055-4e35-b373-652648e053bc,DEEP,IHECRE00001917.1,454523722,0.981771,0.36158,0.000388985,0.0316157
71317c3a-9328-4ed6-9cd1-368f44c7142d,DEEP,IHECRE00001918.1,181929740,0.987515,0.344687,0.00215392,0.02238
d0e5787e-daa6-4aec-a488-2dfccf4bf5df,DEEP,IHECRE00001918.1,198066490,0.981655,0.341487,0.000651227,0.0342329
259bf123-4534-4f55-b673-66c9e60f4c43,DEEP,IHECRE00001919.1,168513010,0.961288,0.272229,0.00112442,0.0408373
b9b6f493-cb5a-41f5-ae50-82624d7f8e1a,DEEP,IHECRE00001920.1,188114504,0.965523,0.30241,0.00672515,0.0362406
e86e084c-c7ed-42a8-b3c7-bc7a2b4edbe3,DEEP,IHECRE00001921.1,159826724,0.988444,0.372773,0.00187748,0.0192223
508eb945-545d-443e-9465-6a0b96a8254f,DEEP,IHECRE00001921.1,169099200,0.985015,0.274861,0.000232816,0.0396602
8597f5c9-5d8d-4889-80e2-465ce8acb014,DEEP,IHECRE00001922.1,193109792,0.970294,0.326068,0.0144699,0.0448117
8153f75c-7d04-4722-9463-d27fc7fcd029,DEEP,IHECRE00001923.1,51836350,0.984159,0.923174,0.106872,0.041292
617d56f8-7053-4844-9020-341a2dd610a4,DEEP,IHECRE00001924.1,47664026,0.984367,0.91536,0.123682,0.0400696
d9f5cf39-4814-4693-98b4-7ab9b620ce1b,DEEP,IHECRE00001926.1,63227238,0.979928,0.866113,0.14064,0.0456927
b617a9fe-f01b-4e8d-a15d-4988ac1481df,DEEP,IHECRE00001927.1,57931860,0.97849,0.926352,0.155988,0.0563392
cdefd51c-dd93-43f2-bf34-b0eecc54a585,DEEP,IHECRE00001931.1,182271230,0.964375,0.279368,0.00128182,0.0332611
a7c5b6e6-b037-436d-8a86-f4cf9b7471c1,DEEP,IHECRE00001935.1,201082972,0.991098,0.475821,0.00421193,0.0074124
c56a86f7-91a0-4989-a8ca-04a3ac0b0bbe,DEEP,IHECRE00001936.1,152568984,0.98473,0.471835,0.00944834,0.00912369
61b7aa81-8013-46c1-9cbc-f0f7c515aef9,DEEP,IHECRE00001936.1,156314646,0.984986,0.434447,0.000298998,0.0199289
af5a4b25-31b7-4f88-a02a-f72ed48e64dd,DEEP,IHECRE00003803.1,309540288,0.963032,0.656576,0.0197091,0.016258
cb974a36-055d-40d4-baa8-f441f5e13135,DEEP,IHECRE00003803.1,391919352,0.9533,0.649472,0.0128607,0.0810686
c26a9d59-a750-4b31-83a3-e80355741e2a,DEEP,IHECRE00003804.1,228925792,0.806061,0.683273,0.0124153,0.00675729
18adbcd4-665f-4413-8d80-4e424bd86a02,DEEP,IHECRE00003804.1,302136446,0.864306,0.653276,0.00753485,0.0930257
a3d3c6ec-a2d6-4c7a-a41a-86b306adad2e,DEEP,IHECRE00003805.1,96733812,0.987771,0.588486,0.0421472,0.0471296
64063d82-d809-48df-8e87-b22b47a0e403,DEEP,IHECRE00003806.1,64671774,0.935449,0.136644,0.00175704,0.0474265
21e78622-c7d5-4209-a652-665ecc84a4c7,DEEP,IHECRE00003808.1,120423536,0.882733,0.429138,0.00632131,0.0447799
94dc2e54-a236-47c3-84b8-13db98123c4e,DEEP,IHECRE00003808.1,296338628,0.967629,0.556676,0.013377,0.0104991
1220e372-4246-449a-b9d3-6dcfa6790f4c,DEEP,IHECRE00003809.1,228766468,0.989071,0.503784,0.00621215,0.010035
b36b35e4-e5b6-4787-8234-d6faa974ed3f,DEEP,IHECRE00003809.1,255482804,0.954165,0.481933,0.00532575,0.0426658
d3850252-132b-4186-9e6a-7ac1d894458a,DEEP,IHECRE00003810.1,234704222,0.990745,0.506158,0.0152898,0.0130923
6e14e6f0-1b9c-49f7-a433-6851357624bf,DEEP,IHECRE00003810.1,276451186,0.956361,0.476879,0.00664953,0.0519556
108f59c3-dec4-4751-bef3-a2ebdf1a7121,DEEP,IHECRE00003811.1,242787000,0.97417,0.600569,0.00958077,0.00925134
2143ed62-359e-4c1b-b52f-628a71da4c5b,DEEP,IHECRE00003811.1,249089868,0.951539,0.594611,0.00803506,0.0730851
e7e2adb3-9d11-4e0f-80e4-13ad154867bc,DEEP,IHECRE00003812.1,306200400,0.973822,0.718042,0.0220425,0.0121641
7d212497-a593-49b4-9c0b-6643481adb02,DEEP,IHECRE00003812.1,410974648,0.964786,0.51413,0.00886398,0.0615221
e04e190b-f31f-40ac-b38c-c34b0041aa6f,DEEP,IHECRE00003813.1,272960942,0.88637,0.606795,0.0116122,0.0586873
53c5bd67-02b9-451d-a985-1bfa5482c5b1,DEEP,IHECRE00003813.1,301619038,0.97311,0.603319,0.00991622,0.00678532
5ac56f3c-ccc8-4f6b-8fb5-a86b0cefc050,DEEP,IHECRE00003814.1,429940990,0.979076,0.675887,0.0156732,0.0401467
b7e324ee-8207-41fe-b409-e6f9450ed66c,DEEP,IHECRE00003814.1,440514822,0.994153,0.635133,0.0102546,0.011156
4efc726f-566f-45f2-8eec-83f931d91c8c,DEEP,IHECRE00003815.1,109678130,0.981295,0.741916,0.0407161,0.0564396
43201d82-d958-4055-a29b-9631d96d0827,DEEP,IHECRE00003815.1,84372260,0.990736,0.176671,0.00224238,0.0269837
584692cb-150c-4c03-a1b2-3d8ca231c28a,DEEP,IHECRE00003816.1,58317194,0.970031,0.297421,0.00337682,0.0328943
e03be935-6ea6-474d-9e04-2c0ab8a0d7f9,DEEP,IHECRE00003817.1,464004168,0.923298,0.66809,0.00543395,0.0105247
7a32d305-f3f8-404f-9588-8639071a8fce,DEEP,IHECRE00003817.1,469182704,0.817089,0.712252,0.00507195,0.036826
54f71893-ec60-4e17-bbc7-62ffdc93c972,DEEP,IHECRE00003818.1,332414590,0.975038,0.618382,0.0217982,0.0149082
acd4078f-f348-4d87-bf37-40170f6c42ed,DEEP,IHECRE00003818.1,408989888,0.949798,0.497021,0.00603688,0.0580217
3053d16c-7815-46b2-b9ed-17c2be6fc849,DEEP,IHECRE00003819.1,25383040,0.966545,0.776276,0.00127917,0.152062
34465e0a-bb93-4362-a795-c8109a9a285c,DEEP,IHECRE00003819.1,405249864,0.990303,0.595589,0.00756859,0.0100499
d772cc5d-1366-4103-b440-5e2ca71926da,CEEHRC_[EMC_McGill],IHECRE00000641.1,200403138,0.981375,0.243871,0.000655903,0.0221052
a752b25c-662f-4520-8734-61feec45918c,CEEHRC_[EMC_McGill],IHECRE00000642.1,119717310,0.983521,0.384991,0.0169662,0.0393769
9bc8ac30-e646-4c1a-8375-6a20d5f10f34,CEEHRC_[EMC_McGill],IHECRE00000644.1,123600412,0.982285,0.233723,0.00306794,0.0354688
941e2b4c-bad3-438d-99a4-6ddb0febbae0,CEEHRC_[EMC_McGill],IHECRE00000644.1,66364836,0.978024,0.133938,0.00111644,0.0238259
138ff215-c3ea-45a1-8f9c-c86dd292c485,CEEHRC_[EMC_McGill],IHECRE00000645.3,198113324,0.976471,0.187646,0.000722386,0.0323789
65f8b39c-9029-49c2-ae40-0233cc06a6b5,CEEHRC_[EMC_McGill],IHECRE00000647.1,112648266,0.977537,0.4389,0.0187242,0.0620862
99683722-93cb-401f-87c6-b939a1d383a8,CEEHRC_[EMC_McGill],IHECRE00000648.3,107968514,0.973295,0.222748,0.00452688,0.0468134
0292d4b7-7439-4c0c-a9ff-9fbeb154b3aa,CEEHRC_[EMC_McGill],IHECRE00000650.1,44687580,0.954906,0.230299,0.00172927,0.023276
8ab38a5a-276f-4753-af9b-f781183c6ca6,CEEHRC_[EMC_McGill],IHECRE00000651.1,117994944,0.984897,0.246703,0.00423997,0.0549163
63d2c488-b08e-4658-abe4-f3d84c3dd6e8,CEEHRC_[EMC_McGill],IHECRE00000653.1,100735920,0.960412,0.330901,0.0117474,0.0398015
1ef71c5a-e229-42bd-ac41-43aeb0e905e0,CEEHRC_[EMC_McGill],IHECRE00000654.1,106976870,0.985943,0.364884,0.0055953,0.0274282
d68cfe47-e088-42c0-b181-4ea6f5417ff0,CEEHRC_[EMC_McGill],IHECRE00000656.1,88172784,0.980119,0.135452,0.00108121,0.028292
ad7564ec-b363-41a3-9547-349a62b43a58,CEEHRC_[EMC_McGill],IHECRE00000658.1,124870162,0.982076,0.190344,0.00176674,0.036234
3a8edaee-0867-4917-af66-3ff868282d8a,CEEHRC_[EMC_McGill],IHECRE00000659.1,127811298,0.985449,0.274349,0.00384495,0.035201
ebfb29fd-3343-47f2-a3e3-7b73c3e2220c,CEEHRC_[EMC_McGill],IHECRE00000661.1,135002692,0.985404,0.263874,0.00356059,0.0308167
6b174a2f-b899-42d4-9f31-2ac1ab1325a6,CEEHRC_[EMC_McGill],IHECRE00000662.1,104426472,0.982614,0.225161,0.00162038,0.0300571
f88f9fd3-e71b-4ebb-a4cc-879d45363dfd,CEEHRC_[EMC_McGill],IHECRE00000663.3,71642128,0.980331,0.250113,0.00844936,0.0330551
dca5f5fa-c53c-48b8-8470-c9470791afad,CEEHRC_[EMC_McGill],IHECRE00000664.3,95376492,0.981247,0.182283,0.00687931,0.0358645
7ed8f2ae-1fd2-4656-97aa-cd46abe6c28a,CEEHRC_[EMC_McGill],IHECRE00000665.1,136839502,0.974662,0.13948,0.00132317,0.0464689
02b9fb9c-597e-425c-8444-e505e4b57518,CEEHRC_[EMC_McGill],IHECRE00000666.1,105677062,0.981903,0.178015,0.000591329,0.0333222
50b69d76-86fe-4371-8a3e-37e22bf7d021,CEEHRC_[EMC_McGill],IHECRE00000667.1,93874880,0.965619,0.129278,0.00229208,0.0362882
627737cb-6101-4113-96be-0442a77c34b0,CEEHRC_[EMC_McGill],IHECRE00000668.1,132245852,0.986923,0.297138,0.00820758,0.0340995
aa8602bc-6d7e-4c1a-b5ec-429a5227ff97,CEEHRC_[EMC_McGill],IHECRE00000669.1,140303566,0.98002,0.259617,0.00699665,0.0426584
a01ef435-1876-40e5-89b8-f90e91a51d7a,CEEHRC_[EMC_McGill],IHECRE00000670.1,122720446,0.977354,0.299514,0.00914238,0.0247487
2130f529-0ba2-4dc9-b149-a3cab32fd19c,CEEHRC_[EMC_McGill],IHECRE00000671.1,80142694,0.980497,0.215623,0.00406092,0.0288026
2bfe8c4a-c39f-4639-8ada-97d06de058d2,CEEHRC_[EMC_McGill],IHECRE00000674.1,123462732,0.983994,0.23677,0.00211386,0.0351558
c61e9db7-f96c-4ffd-b5f9-d10add214ad9,CEEHRC_[EMC_McGill],IHECRE00000675.3,54474726,0.956932,0.155009,0.00089097,0.0335163
bdc5ba4d-660c-4a6c-8a49-0b814f9660f3,CEEHRC_[EMC_McGill],IHECRE00000677.1,61106530,0.95423,0.222002,0.00179392,0.0329404
adc84e24-dd5c-459f-a8ee-9eaacabae9c0,CEEHRC_[EMC_McGill],IHECRE00000678.1,105338886,0.982082,0.207151,0.00188764,0.0410606
62b77504-50aa-4040-b325-8d606f513de8,CEEHRC_[EMC_McGill],IHECRE00000679.1,146056160,0.98317,0.393986,0.0155812,0.0503354
7e699592-69b5-4c80-ac57-81a50f4265a0,CEEHRC_[EMC_McGill],IHECRE00000680.1,161477486,0.982839,0.558967,0.0309951,0.0512942
421c9927-8d3e-4737-865d-267fff788aa7,CEEHRC_[EMC_McGill],IHECRE00000681.1,157712584,0.976572,0.228805,0.00609198,0.0362009
9409edc5-df53-495c-a574-86b7d71bad62,CEEHRC_[EMC_McGill],IHECRE00000682.3,197485334,0.97853,0.314165,0.00725501,0.0318044
796c43ac-5c4a-45d9-898d-4d54101088d7,CEEHRC_[EMC_McGill],IHECRE00000683.3,118316194,0.976723,0.37658,0.123886,0.0193602
69bbbb3c-a5db-401e-b316-8f9fd75edc0f,CEEHRC_[EMC_McGill],IHECRE00000684.1,311547220,0.977359,0.658297,0.045007,0.0432153
808dded9-e64c-4960-b745-e52126ed70f7,CEEHRC_[EMC_McGill],IHECRE00000685.1,159908962,0.982956,0.569862,0.0284643,0.046263
0401a860-f0be-473c-bdf0-2bd8fbf2b29c,CEEHRC_[EMC_McGill],IHECRE00000687.1,113572874,0.982221,0.310596,0.0106604,0.0317315
f53030f2-3e36-4d7a-bfad-4555e40970c1,CEEHRC_[EMC_McGill],IHECRE00000689.1,106521072,0.980038,0.263771,0.00652573,0.0240477
addc0350-293b-42f5-9d0a-356ffb83dd23,CEEHRC_[EMC_McGill],IHECRE00000690.1,151201674,0.986633,0.358217,0.0143152,0.0360635
ac71125c-e717-412b-a81d-c6c6c72e80bb,CEEHRC_[EMC_McGill],IHECRE00000691.1,114233582,0.957863,0.314555,0.00921082,0.040196
7ea4c5ce-aff9-4b32-b68a-e10347af26f4,CEEHRC_[EMC_McGill],IHECRE00000692.1,105500272,0.986271,0.28172,0.00716518,0.0324715
46e4a7f7-5940-4591-9a50-4b13fb0b9707,CEEHRC_[EMC_McGill],IHECRE00000693.3,124002382,0.985953,0.184127,0.0024876,0.0368068
1fb90bd7-cc4e-4c75-91e6-86fc0649b046,CEEHRC_[EMC_McGill],IHECRE00000694.3,228521148,0.983707,0.320515,0.0967833,0.0309124
07974f4a-389f-4b33-97f8-c3bce5d0bd61,CEEHRC_[EMC_McGill],IHECRE00000695.1,132229688,0.978927,0.199795,0.00114383,0.0361697
ba71f11a-f3a1-457c-8529-20890d1e7b12,CEEHRC_[EMC_McGill],IHECRE00000696.1,49717120,0.9511,0.179528,0.000978324,0.024227
bf554129-226c-47c2-98d7-f685f1ba6a40,CEEHRC_[EMC_McGill],IHECRE00000698.1,176078684,0.979092,0.313838,0.00654903,0.0419096
5ecd5636-1533-49d6-8c71-bb61bcf610db,CEEHRC_[EMC_McGill],IHECRE00000699.1,100684472,0.983163,0.325004,0.0121664,0.0326502
f9de5e72-fe23-41c4-9184-819bfe9c6b26,CEEHRC_[EMC_McGill],IHECRE00000700.1,116273744,0.973597,0.126707,0.000861208,0.0528328
fd9a9787-5ac3-4c35-aff0-7c35b8bd9367,CEEHRC_[EMC_McGill],IHECRE00000701.3,86126876,0.972291,0.244082,0.00119947,0.0289509
830f2f81-0a60-4633-96dc-3f6b4ec6f9cd,CEEHRC_[EMC_McGill],IHECRE00000703.1,156968356,0.986871,0.404078,0.0162249,0.049027
757f5afd-398f-4f41-bec6-20cb5af1ab06,CEEHRC_[EMC_McGill],IHECRE00000704.1,95155232,0.986493,0.241663,0.000624928,0.0285661
72e3d348-8d40-4744-8d83-ee932dcdf58a,CEEHRC_[EMC_McGill],IHECRE00000706.3,173338252,0.97698,0.354159,0.0118786,0.0241639
442f8084-3003-4465-93aa-d57b2bd89c6d,CEEHRC_[EMC_McGill],IHECRE00000707.1,173611774,0.980978,0.325402,0.00963873,0.0311442
c05d285e-9d34-4680-bc99-f8c5ee8e82e7,CEEHRC_[EMC_McGill],IHECRE00000709.3,123216850,0.971986,0.145794,0.00276125,0.0547188
b2309612-3ff4-44c8-9e0a-1db1b74a269b,CEEHRC_[EMC_McGill],IHECRE00000710.1,119919270,0.962171,0.304909,0.00679863,0.05101
3f346a33-b271-4338-a333-31c10a539fe7,CEEHRC_[EMC_McGill],IHECRE00000711.3,135881328,0.98641,0.306589,0.00899543,0.0318343
11a1b620-a434-4aef-bd05-27e81985ace9,CEEHRC_[EMC_McGill],IHECRE00000712.1,63997986,0.98026,0.238048,0.00184332,0.0302041
6359d1bc-f81d-4ae7-a69d-b6d41905b193,CEEHRC_[EMC_McGill],IHECRE00000713.1,97291958,0.982021,0.285332,0.00469291,0.0462532
76efecff-9211-4fca-a465-ba28e50e8995,CEEHRC_[EMC_McGill],IHECRE00000714.1,125946926,0.988476,0.259163,0.00461359,0.0313502
f5c3afdd-018a-4aa6-be8a-d6b0adfcb389,CEEHRC_[EMC_McGill],IHECRE00000716.3,113797208,0.983431,0.240051,0.00349877,0.0355951
56dce73a-f6c4-410f-9d69-e7da1a3c9777,CEEHRC_[EMC_McGill],IHECRE00000717.1,180257582,0.977018,0.217475,0.00116589,0.0368671
65e20e38-867a-4076-9b90-cfc23d6d3ea8,CEEHRC_[EMC_McGill],IHECRE00000718.3,102583614,0.981543,0.25652,0.000912611,0.0245338
33dd271c-8fef-43db-a96c-de03d3cbecf7,CEEHRC_[EMC_McGill],IHECRE00000719.1,86717068,0.958292,0.257452,0.00326467,0.0330723
ae001b29-36d8-4d35-a5ee-7902cd57c8f6,CEEHRC_[EMC_McGill],IHECRE00000721.3,135477810,0.978794,0.277733,0.00291508,0.036352
36d5bbd1-a392-438b-b0ac-32643126d9ec,CEEHRC_[EMC_McGill],IHECRE00000723.1,238984416,0.975576,0.20694,0.00319144,0.0362927
8a04152e-4833-4c29-b9d9-c72422291065,CEEHRC_[EMC_McGill],IHECRE00000724.1,121940712,0.984422,0.323998,0.0112658,0.0268471
007681f7-7fc1-4b6b-9863-5491f112a050,CEEHRC_[EMC_McGill],IHECRE00000725.1,295300776,0.979593,0.412749,0.0922394,0.0299996
79951edb-efe3-4784-8c32-cbf15062baa7,CEEHRC_[EMC_McGill],IHECRE00000726.3,313958418,0.974007,0.276015,0.103143,0.0320874
5cc5274b-9c3d-4bd7-97a1-dd16007e4508,CEEHRC_[EMC_McGill],IHECRE00000727.3,230324518,0.972386,0.359131,0.084633,0.0190972
fa8a0221-8ecd-44b0-948c-3d0d3c604b3d,CEEHRC_[EMC_McGill],IHECRE00000728.1,45414384,0.957026,0.188406,0.000944672,0.0318864
392553f9-ad17-4232-aa45-b475b85f317e,CEEHRC_[EMC_McGill],IHECRE00000729.3,46272350,0.959879,0.192161,0.00108081,0.0312032
b49e7238-bd0d-4423-b8c8-f2267e8c3d2b,CEEHRC_[EMC_McGill],IHECRE00000730.1,74526508,0.975497,0.322216,0.0132671,0.0420836
186654c2-0fc4-4c84-8e8d-b9b2a5c80194,CEEHRC_[EMC_McGill],IHECRE00000731.1,101502136,0.977859,0.386063,0.0185772,0.0480642
c90fad16-38d6-4479-a33b-e0edf50f1e4a,CEEHRC_[EMC_McGill],IHECRE00000732.1,826201636,0.979549,0.427545,0.0307228,0.0313945
ec60acc9-60d2-4eca-bc10-c875257e257f,CEEHRC_[EMC_McGill],IHECRE00000733.1,140130756,0.98833,0.380202,0.183798,0.0233573
13f5a016-5598-46a2-a9ed-76e2dfb2f1cd,CEEHRC_[EMC_McGill],IHECRE00000734.3,70464442,0.959395,0.169434,0.000916465,0.0321737
47396294-efde-48c8-b10c-9eb281a23a0c,CEEHRC_[EMC_McGill],IHECRE00000736.3,132424054,0.988604,0.266896,0.00373416,0.0300505
f99af856-9838-4cdc-addf-ce6cb1666420,CEEHRC_[EMC_McGill],IHECRE00000737.1,226268378,0.983992,0.227903,0.00258624,0.0223148
295a5a6c-68a0-4b12-8d44-976e86132e07,CEEHRC_[EMC_McGill],IHECRE00000738.3,73727184,0.985676,0.198398,0.000809607,0.0340682
f6eb425b-c623-410d-bb67-5cecb7d89859,CEEHRC_[EMC_McGill],IHECRE00000739.1,52927752,0.9589,0.35882,0.0158278,0.0455256
5b110026-f6bb-45bf-af9b-27142aeccb1b,CEEHRC_[EMC_McGill],IHECRE00000741.3,233895692,0.974,0.290344,0.0835691,0.0203212
68eba8c3-9a7b-400b-a51d-78fbcaa123a5,CEEHRC_[EMC_McGill],IHECRE00000742.1,114098898,0.98359,0.233907,0.00268045,0.0324827
c7d3b45d-1067-4642-86a6-a5aef3e7170b,CEEHRC_[EMC_McGill],IHECRE00000743.1,47723342,0.952233,0.177522,0.000739398,0.030091
9812c1f0-7c6f-4479-ac98-5b495592af4d,CEEHRC_[EMC_McGill],IHECRE00000744.1,180190258,0.977811,0.399063,0.0135339,0.0424757
29cf9833-3c99-4fac-9f7e-747940826b0b,CEEHRC_[EMC_McGill],IHECRE00000746.1,112960114,0.977833,0.286112,0.00689754,0.0347338
34bcb60a-f431-447f-9ea8-8a8b6f1ee7a9,CEEHRC_[EMC_McGill],IHECRE00000747.1,55574310,0.952862,0.190248,0.000776457,0.0236442
04603b3d-3416-42f5-ad11-0e672292830c,CEEHRC_[EMC_McGill],IHECRE00000748.1,123240666,0.987044,0.398496,0.0172445,0.0443198
12e0ee97-1232-45c0-8942-5e142b965c0b,CEEHRC_[EMC_McGill],IHECRE00000749.1,109501364,0.981668,0.29814,0.00860149,0.0241631
1fd47dfa-6bfd-4616-99dc-5139059757df,CEEHRC_[EMC_McGill],IHECRE00000750.3,136779788,0.987725,0.367887,0.0128971,0.0346431
082108a7-bf7c-40d7-a2b3-fccea70923d5,CEEHRC_[EMC_McGill],IHECRE00000751.1,124102154,0.988545,0.444633,0.0197456,0.0429674
c6c5fa69-c7b9-4e12-ab50-3a745d21c7d2,CEEHRC_[EMC_McGill],IHECRE00000752.3,82764552,0.981789,0.191131,0.000445966,0.0226964
56170166-d397-45ef-9462-e58818cc5987,CEEHRC_[EMC_McGill],IHECRE00000753.3,98590838,0.980482,0.189405,0.00431926,0.0329634
43176a13-6cac-4d41-b1f0-c5f2ba172dea,CEEHRC_[EMC_McGill],IHECRE00000756.1,143108442,0.982576,0.351009,0.00965325,0.0228275
802dcdfb-3c46-4798-a8e2-797d7b8bfdc5,CEEHRC_[EMC_McGill],IHECRE00000757.1,110873736,0.964272,0.310559,0.00733932,0.0337217
7252dcc4-c4f9-41e7-b3a7-fedeedbf50a4,CEEHRC_[EMC_McGill],IHECRE00000759.1,100032430,0.977629,0.464097,0.0238328,0.059151
b2888ebb-e5ef-4050-a581-51eeebab0c5f,CEEHRC_[EMC_McGill],IHECRE00000760.1,134762556,0.978384,0.331555,0.0114743,0.0321668
09a849d2-73c5-4900-bcc2-dac970f3efc5,CEEHRC_[EMC_McGill],IHECRE00000761.1,145786748,0.980536,0.5246,0.0307181,0.0415227
806e0014-e511-4e3e-bbc8-f7999c8fd751,CEEHRC_[EMC_McGill],IHECRE00000763.1,117404652,0.983675,0.440002,0.0242264,0.0359198
35e6b8f4-215e-48a1-8c35-0644005a6c52,CEEHRC_[EMC_McGill],IHECRE00000764.1,115614698,0.965289,0.341231,0.0115418,0.0326708
af6d3f04-d264-4ea2-9ea5-e2990915e9f4,CEEHRC_[EMC_McGill],IHECRE00000766.1,83493896,0.980349,0.458818,0.0207419,0.0441902
4bed77d5-19f1-421d-89d6-919737d15df0,CEEHRC_[EMC_McGill],IHECRE00000767.1,77578750,0.986039,0.328837,0.0113557,0.0493948
690908e4-c159-49de-a5a5-8aa892b6ff55,CEEHRC_[EMC_McGill],IHECRE00000768.1,152586940,0.975352,0.531607,0.00518788,0.105286
d04e602d-b585-48a7-be6c-e334bab8feab,CEEHRC_[EMC_McGill],IHECRE00000770.3,240704102,0.973219,0.331885,0.0766346,0.0273522
b7d084e2-bcd7-463c-8f5f-13fafd00291a,CEEHRC_[EMC_McGill],IHECRE00000771.1,132998222,0.983299,0.205768,0.00181289,0.0503632
fa74b5ad-5e2e-4bf8-9bc1-d368310d638b,CEEHRC_[EMC_McGill],IHECRE00000772.1,223041314,0.977371,0.335525,0.086895,0.0206917
d01169b9-926b-41fa-829e-87527dacca4b,CEEHRC_[EMC_McGill],IHECRE00000773.1,233917314,0.97445,0.282945,0.0733156,0.0293015
8e7ce824-b55a-4ee7-a773-c972905ccedf,CEEHRC_[EMC_McGill],IHECRE00000774.3,59702578,0.954109,0.224521,0.00249849,0.0242017
aaf7a1b2-88f6-4da4-9283-8159e90e62ad,CEEHRC_[EMC_McGill],IHECRE00000775.1,82007234,0.978604,0.31519,0.00130074,0.0298108
7dab960c-dc69-418a-b68f-62ed4aa8d8e6,CEEHRC_[EMC_McGill],IHECRE00000776.1,117837344,0.983805,0.221215,0.0047967,0.036169
4dde437d-0dc9-42d0-ab09-342820a07348,CEEHRC_[EMC_McGill],IHECRE00000777.1,103585948,0.968033,0.290262,0.00929784,0.0317418
9696437d-834a-40d4-8bd3-4312168f9620,CEEHRC_[EMC_McGill],IHECRE00000778.3,244034842,0.979268,0.318662,0.00781453,0.0335476
e77a152f-3bb8-44e4-9d69-61964b7867f8,CEEHRC_[EMC_McGill],IHECRE00000781.1,149658112,0.976865,0.286241,0.00244363,0.0311694
3b2e46a4-4f2c-4f10-950d-26b25cc4e046,CEEHRC_[EMC_McGill],IHECRE00000782.1,125590442,0.987431,0.545656,0.20295,0.0165473
789110bf-c604-4d77-abfd-12631666d0f2,CEEHRC_[EMC_McGill],IHECRE00000783.1,774753394,0.978611,0.45951,0.0277066,0.0242763
1e27a66b-3c13-47c6-ac68-dbdd6e9b42cf,CEEHRC_[EMC_McGill],IHECRE00000784.3,132109246,0.96964,0.2251,0.000594028,0.0354156
c46003db-e3c4-4f30-8dd9-11b3ec842d7f,CEEHRC_[EMC_McGill],IHECRE00000785.3,889158522,0.975234,0.386747,0.0220995,0.033836
816953c3-e635-4018-909a-70a432f0cd0a,CEEHRC_[EMC_McGill],IHECRE00000786.1,106255772,0.979165,0.277229,0.0120522,0.0338558
8a01629b-02b6-4a80-b5f0-ae2e1379e1e1,CEEHRC_[EMC_McGill],IHECRE00000787.1,130523244,0.983027,0.313885,0.00575255,0.0392892
ac79f6a3-d792-4e91-8f46-0b73636fae62,CEEHRC_[EMC_McGill],IHECRE00000788.1,67309160,0.952787,0.171634,0.00205722,0.0252075
b163a110-ad60-47e0-b2f1-b3e853cb0828,CEEHRC_[EMC_McGill],IHECRE00000789.3,76562180,0.981261,0.221548,0.000721813,0.022033
d6846b92-06c9-477c-94f4-6a4965e7e19a,CEEHRC_[EMC_McGill],IHECRE00000790.1,290420648,0.984253,0.383134,0.135077,0.0159608
f74beb54-0908-488b-b022-d91a28b73ee1,CEEHRC_[EMC_McGill],IHECRE00000793.1,58261526,0.971413,0.358387,0.0195384,0.048648
ab4b3696-c90e-41b2-afab-53dd4beb2d14,CEEHRC_[EMC_McGill],IHECRE00000794.1,304894004,0.98025,0.299243,0.0429601,0.0218777
7fd5d382-cdd8-4e85-a5e5-83687d853187,CEEHRC_[EMC_McGill],IHECRE00000795.3,293211416,0.966782,0.430677,0.0956886,0.0273805
c054953b-b58d-4ce0-aa40-11ac8c262c77,CEEHRC_[EMC_McGill],IHECRE00000796.1,126591924,0.983423,0.267246,0.00495815,0.0298349
ed64f19b-3d65-4801-a2eb-4c7e33fabd5a,CEEHRC_[EMC_McGill],IHECRE00000797.1,125275552,0.978658,0.472368,0.0210984,0.0425266
f54f0024-3e5c-44b0-a979-6dd09d836829,CEEHRC_[EMC_McGill],IHECRE00000798.1,136966594,0.986236,0.28861,0.00721155,0.0325319
d3ebd31c-4a0a-4551-b9f9-586700fa33de,CEEHRC_[EMC_McGill],IHECRE00000800.3,65090450,0.955412,0.180578,0.0021162,0.0325159
a44204f1-08eb-410c-956a-0c453c96b4aa,CEEHRC_[EMC_McGill],IHECRE00000802.1,106437540,0.979452,0.30515,0.011325,0.0482171
661dd1f1-11a0-4d7f-8a64-7830edd4d774,CEEHRC_[EMC_McGill],IHECRE00000803.1,119780920,0.983726,0.322488,0.00488714,0.0278743
13ac8a07-d773-468e-ae23-a78e0f8bdacf,CEEHRC_[EMC_McGill],IHECRE00000806.1,88738934,0.96059,0.155316,0.00100695,0.0424097
541fd7e1-8854-4ef0-a2f6-e20a1b1f3d0a,CEEHRC_[EMC_McGill],IHECRE00000807.3,113399220,0.981197,0.350955,0.021755,0.0373953
06c8614f-7ed5-453b-b426-08db02d2bd33,CEEHRC_[EMC_McGill],IHECRE00000808.1,88205236,0.982901,0.184694,0.000628372,0.0322727
264b4ad4-1f00-4747-90a3-b26869a017f2,CEEHRC_[EMC_McGill],IHECRE00000809.1,96838380,0.983053,0.196294,0.00241235,0.0311571
8136d81a-0b36-496f-bcaa-1b28e9aab821,CEEHRC_[EMC_McGill],IHECRE00000810.3,57051196,0.956032,0.180929,0.000935797,0.0307201
e2872573-ed06-4f0b-8704-396e87531cda,CEEHRC_[EMC_McGill],IHECRE00000811.1,123617076,0.980811,0.316628,0.0091604,0.0270837
e215d4f7-9ca7-4db9-91a5-8247e9df7a53,CEEHRC_[EMC_McGill],IHECRE00000813.1,108017850,0.984847,0.239383,0.00208969,0.0230469
47f25300-f01e-4e20-9492-ace3c5f84e1b,CEEHRC_[EMC_McGill],IHECRE00000814.3,141302270,0.985887,0.325914,0.00815239,0.0385428
5fa022a1-ec0f-4e2e-8bd4-b25eecef25d3,CEEHRC_[EMC_McGill],IHECRE00000815.1,209919528,0.984094,0.332606,0.00824564,0.0485741
b48c3a89-7d2d-41ca-8227-5e0c64b4f03d,CEEHRC_[EMC_McGill],IHECRE00000816.1,97226770,0.983183,0.264947,0.00103922,0.0320043
2329d82d-9f83-480b-be96-7b31a62b05ad,CEEHRC_[EMC_McGill],IHECRE00000817.3,80103198,0.984578,0.21463,0.000560735,0.0258136
70a0ab93-5fa8-41be-ba6b-fcf22271d361,CEEHRC_[EMC_McGill],IHECRE00000818.1,211700536,0.98145,0.340009,0.00795661,0.0428311
cda0b471-1836-44a1-a126-12920b7f7ae5,CEEHRC_[EMC_McGill],IHECRE00000819.1,135620228,0.976168,0.404207,0.0192845,0.0336343
7427139a-5cb2-4a79-89c5-728d5437a190,CEEHRC_[EMC_McGill],IHECRE00000820.1,228344238,0.973344,0.191823,0.00229522,0.0345556
3d5dfe2e-c2b2-47ca-b34f-a3b560fa00e7,CEEHRC_[EMC_McGill],IHECRE00000821.3,103994004,0.983637,0.217008,0.000762725,0.0351172
baa3cff1-1007-49c9-97c3-871b9c3db67a,CEEHRC_[EMC_McGill],IHECRE00000822.1,111039550,0.981208,0.194527,0.0014413,0.0410413
e44edf90-c364-41f2-a8b1-23f2a9cbe2e6,CEEHRC_[EMC_McGill],IHECRE00000823.3,223528978,0.972264,0.308953,0.093034,0.0287338
b3b5969c-1c8f-4c76-9001-b1c3d8872c86,CEEHRC_[EMC_McGill],IHECRE00000824.1,111421314,0.968206,0.353311,0.010654,0.0415648
b0389f98-7715-4e8b-8dbd-614b1b3759ba,CEEHRC_[EMC_McGill],IHECRE00000825.1,108347526,0.984043,0.362465,0.0120929,0.038305
481d2c05-f025-46dd-821c-cfa5fc3a17b1,CEEHRC_[EMC_McGill],IHECRE00000826.3,65277718,0.97882,0.199773,0.00054458,0.0210897
0c2e7128-b5d4-4dde-b2ba-72f2156be8f4,CEEHRC_[EMC_McGill],IHECRE00000827.1,116171928,0.963414,0.40187,0.015659,0.0440106
c72560fe-925f-49ca-899f-72fdbef2d015,CEEHRC_[EMC_McGill],IHECRE00000828.1,261228092,0.976176,0.244503,0.00182938,0.0197198
e7f1e368-09d5-4167-8463-535d828abb70,CEEHRC_[EMC_McGill],IHECRE00000830.1,95446602,0.977004,0.319698,0.00945832,0.0468757
478d2751-aca1-4a30-81b7-29438797ab67,CEEHRC_[EMC_McGill],IHECRE00000831.3,791503468,0.976848,0.409693,0.0222603,0.0237643
d4349099-ceaa-44db-a7fe-4a2a3bfe070c,CEEHRC_[EMC_McGill],IHECRE00000832.1,134282298,0.984499,0.276755,0.00660675,0.041421
dfb6256d-62a8-4167-8770-779dd195003e,CEEHRC_[EMC_McGill],IHECRE00000833.3,149432466,0.984588,0.285326,0.00474836,0.0393759
4a4a8be9-5caa-4422-8dd8-5c292838e2d4,CEEHRC_[EMC_McGill],IHECRE00000834.1,106458246,0.981177,0.180177,0.00157871,0.0348641
a8b3bf24-b010-42ed-9ee8-741399fb36c7,CEEHRC_[EMC_McGill],IHECRE00000835.1,93166104,0.977649,0.473663,0.0216072,0.0508543
233080f5-45db-409d-9e81-5ed38d228842,CEEHRC_[EMC_McGill],IHECRE00000836.1,106158258,0.961254,0.289769,0.0090338,0.038863
87f06320-88ec-41e6-946d-bd4e664e984a,CEEHRC_[EMC_McGill],IHECRE00000837.1,125802560,0.982573,0.336681,0.015509,0.0301345
ceccd790-8f71-46db-99f4-10e2e59afeb5,CEEHRC_[EMC_McGill],IHECRE00000838.1,120269186,0.983824,0.350818,0.0158735,0.0317727
e8ac33a4-2154-4a4c-be27-0fb16538e921,CEEHRC_[EMC_McGill],IHECRE00000840.1,191693508,0.988207,0.431176,0.0156349,0.0391546
c8b42d28-1cb9-4eae-8b74-7dd035005869,CEEHRC_[EMC_McGill],IHECRE00000841.1,133195540,0.983961,0.591575,0.240444,0.0206073
a4b55d97-5b30-4b6c-87a0-cf395f15e8d0,CEEHRC_[EMC_McGill],IHECRE00000843.1,101906152,0.979351,0.287125,0.00395704,0.0417128
a170d937-337c-4e75-8208-8e65f65e4ec7,CEEHRC_[EMC_McGill],IHECRE00000844.1,340015710,0.982195,0.459118,0.0744592,0.033479
68300917-009c-4c1b-8579-e8134e2cec98,CEEHRC_[EMC_McGill],IHECRE00000847.1,78918590,0.976947,0.103764,0.000574727,0.0426073
b0ef59d0-af99-40b7-9757-17cb987833ba,CEEHRC_[EMC_McGill],IHECRE00000848.3,80556010,0.970753,0.296249,0.000444424,0.0240509
d122eadb-a3d5-4b12-a12c-383f22d05b28,CEEHRC_[EMC_McGill],IHECRE00000849.3,105537794,0.968728,0.274628,0.00640496,0.0500661
7cccdf59-b5a8-43d6-b913-fd9c1f610f2c,CEEHRC_[EMC_McGill],IHECRE00000851.1,48417276,0.953919,0.194174,0.000789284,0.0225425
62403bcc-8794-468e-8777-3e23617b7c2c,CEEHRC_[EMC_McGill],IHECRE00000852.1,174228734,0.984335,0.304421,0.00320485,0.0509139
436f25a4-d5f6-47dd-b927-c98d7c27a584,CEEHRC_[EMC_McGill],IHECRE00000853.1,144754364,0.964756,0.381708,0.0153992,0.0356703
af1b6448-2c96-4108-b256-adee7918993c,CEEHRC_[EMC_McGill],IHECRE00000855.3,62575846,0.979679,0.18996,0.000605244,0.0404832
72b70fba-e084-45c4-b555-645ca6bca378,CEEHRC_[EMC_McGill],IHECRE00000856.3,100901532,0.981115,0.231387,0.000396642,0.022663
87c5fd3c-20f1-43e6-90cc-4e22473cd0da,CEEHRC_[EMC_McGill],IHECRE00000857.1,86824484,0.982679,0.29382,0.0116167,0.0385426
6ed63321-a71a-496b-b25f-1467cf720be0,CEEHRC_[EMC_McGill],IHECRE00000858.1,53775444,0.955925,0.185876,0.00101548,0.0255223
74ab5074-8ccc-427a-a286-910fd1d43d32,CEEHRC_[EMC_McGill],IHECRE00000859.1,109330910,0.959738,0.303149,0.010315,0.054285
793b7342-1eda-45c9-9b43-cf69e0655bb3,CEEHRC_[EMC_McGill],IHECRE00000860.1,151752786,0.945046,0.295012,0.00582432,0.0263941
6f6d9cde-d623-4c00-973b-5bb99e478acd,CEEHRC_[EMC_McGill],IHECRE00000861.1,133665296,0.9653,0.366371,0.0144318,0.0355853
796e1336-b4ae-4544-8259-9fe3d7bd7a61,CEEHRC_[EMC_McGill],IHECRE00000862.1,114360338,0.977292,0.385068,0.0215754,0.0485144
518e2ea5-c523-4a30-ac15-346385d5c737,CEEHRC_[EMC_McGill],IHECRE00000863.1,102199026,0.983472,0.216027,0.00122047,0.0335839
be41fba9-2af7-40e9-97d1-e5a796a092a6,CEEHRC_[EMC_McGill],IHECRE00000864.3,93578816,0.970661,0.27098,0.00804876,0.0345074
dbb85398-2868-4435-8f65-8e24b1a9bb17,CEEHRC_[EMC_McGill],IHECRE00000866.3,171234104,0.98323,0.519831,0.0229432,0.030791
878365ba-5b7b-490c-9440-f1b2c3a3c58e,CEEHRC_[EMC_McGill],IHECRE00000867.3,73814546,0.984909,0.182453,0.000455416,0.0310988
7d961455-f713-4ec9-8719-b60843d2be31,CEEHRC_[EMC_McGill],IHECRE00000868.3,158274938,0.986843,0.310738,0.00903241,0.0342076
7618fecd-388b-4f9c-b91e-446ffe8f74b7,CEEHRC_[EMC_McGill],IHECRE00000869.3,112072642,0.982579,0.232909,0.00113752,0.024676
7585bc4c-26c0-4af3-8d6b-7e66c5c90c52,CEEHRC_[EMC_McGill],IHECRE00000870.1,96732646,0.98143,0.314589,0.0110027,0.0330398
fcf0f013-aa25-4a89-9103-a2082ddd6ff3,CEEHRC_[EMC_McGill],IHECRE00000871.3,108428714,0.986901,0.287344,0.00541417,0.0319103
2a6da329-684e-4131-9ca8-f37077e0585d,CEEHRC_[EMC_McGill],IHECRE00000873.1,144102878,0.981557,0.237298,0.0035495,0.0324285
43257a4c-f298-415d-bf2a-31e6c806062a,CEEHRC_[EMC_McGill],IHECRE00000875.3,85447982,0.982464,0.293028,0.000677764,0.0290559
91075cea-5ff8-4d40-a4c1-88992d205587,CEEHRC_[EMC_McGill],IHECRE00000877.1,81246098,0.978048,0.17327,0.0012204,0.0425281
795f20ad-ea9d-427f-9b56-b604fafc015c,CEEHRC_[EMC_McGill],IHECRE00000878.1,208715154,0.980555,0.301668,0.00401676,0.023811
cfc33dce-99ad-45ce-af65-61079dc8a4b0,CEEHRC_[EMC_McGill],IHECRE00000879.1,116125060,0.98128,0.45352,0.0146683,0.039089
56e0b519-0310-4e4a-bfb1-99484822beda,CEEHRC_[EMC_McGill],IHECRE00000881.1,125497582,0.968246,0.312762,0.0145294,0.0356769
3bc1207b-1be9-45dc-8f02-44856b8ce372,CEEHRC_[EMC_McGill],IHECRE00000882.3,917777156,0.97565,0.461759,0.0358986,0.0299858
4f307fe7-d0f6-4d2c-bc99-6b1e4fe3ea4e,CEEHRC_[EMC_McGill],IHECRE00000884.1,106339296,0.963781,0.117541,0.00146318,0.115084
aa4d6c70-eecd-44b9-bce1-39d8c2f96ede,CEEHRC_[EMC_McGill],IHECRE00000885.1,124031664,0.98517,0.383918,0.0152709,0.0379568
d1aed564-7cd7-4fff-9c16-29e1fd65890b,CEEHRC_[EMC_McGill],IHECRE00000886.3,59169340,0.953999,0.174534,0.00102641,0.0305073
864c8021-f730-4062-bed7-310491bd127f,CEEHRC_[EMC_McGill],IHECRE00000887.1,198032124,0.979178,0.209463,0.00132084,0.0215187
00044c63-f73a-45a8-9ceb-41baad022b60,CEEHRC_[EMC_McGill],IHECRE00000888.1,108483968,0.978001,0.271921,0.00966472,0.0357285
b3a44afe-2894-4c46-8e8d-2ad4c4c801fe,CEEHRC_[EMC_McGill],IHECRE00000891.3,56512696,0.952433,0.249974,0.0013667,0.0422459
9b6669f8-0c1d-488b-afc8-d42da8da2370,CEEHRC_[EMC_McGill],IHECRE00000893.1,114717568,0.982712,0.352677,0.0159144,0.0332117
b190580d-a3eb-4b5b-bdfa-d361204f0c66,CEEHRC_[EMC_McGill],IHECRE00000894.1,156448294,0.982052,0.345901,0.00430794,0.0339537
d6a0e03a-a4e7-4e66-8bc1-b6f02bb19066,CEEHRC_[EMC_McGill],IHECRE00000895.1,105540158,0.986374,0.232113,0.00101288,0.0306481
4f41c606-dbca-4042-9163-316d2a03eee7,CEEHRC_[EMC_McGill],IHECRE00000896.1,114324596,0.983478,0.229324,0.00485838,0.0360053
fd12856e-facc-418f-8038-b8b3cd0d33eb,CEEHRC_[EMC_McGill],IHECRE00000897.1,83542718,0.976865,0.162428,0.00108063,0.0472831
d563030f-8ef2-45f0-86ec-e74326ff082e,CEEHRC_[EMC_McGill],IHECRE00000898.3,133541040,0.98182,0.212904,0.00233277,0.0236064
b245fb3d-23e0-45d5-b035-bbe22ad1e8ba,CEEHRC_[EMC_McGill],IHECRE00000900.1,113378406,0.984494,0.230794,0.00191333,0.0439889
c7ad23c7-818b-4eef-be8b-d7d0998e510a,CEEHRC_[EMC_McGill],IHECRE00000901.1,121409710,0.984262,0.229262,0.00218327,0.0552425
4a610c02-9a22-4be0-8dbc-d87250b5a45b,CEEHRC_[EMC_McGill],IHECRE00000902.1,157082124,0.979168,0.437551,0.0262788,0.0410187
98b1ca69-5bf1-4b29-a463-af2defce7a14,CEEHRC_[EMC_McGill],IHECRE00000904.1,173101146,0.984867,0.291635,0.00328822,0.0325715
8d5fccad-6730-456f-91f7-71791634bc1e,CEEHRC_[EMC_McGill],IHECRE00000905.1,138147188,0.984511,0.390688,0.0146811,0.0268656
fd4dce5d-bd33-4cd9-b889-fb876db14082,CEEHRC_[EMC_McGill],IHECRE00000906.1,116729376,0.983878,0.310079,0.014559,0.0349126
4dce8905-ef11-48cd-bb31-e44f271e4146,CEEHRC_[EMC_McGill],IHECRE00000908.1,141458754,0.979706,0.219159,0.00157655,0.0340301
7e96f1cf-528b-4a9e-868f-85ba0eed538a,CEEHRC_[EMC_McGill],IHECRE00000909.1,76336698,0.96814,0.177185,0.00336704,0.0317957
bd790ae9-a1c4-43d8-bec4-60298a868a02,CEEHRC_[EMC_McGill],IHECRE00000910.1,99869104,0.979175,0.142275,0.000616632,0.0375092
25c9ff27-9949-403c-bf5a-c1aeef8a4c83,CEEHRC_[EMC_McGill],IHECRE00000911.3,144828684,0.98537,0.451325,0.0160857,0.0380046
b5d6233f-6e08-4a1f-9d87-d9edbb976c89,CEEHRC_[EMC_McGill],IHECRE00000912.3,88943378,0.982309,0.24387,0.000451277,0.0217168
ca7ad7e6-1583-47a8-ba51-b6f58a87aefc,CEEHRC_[EMC_McGill],IHECRE00000913.1,887893658,0.976499,0.556894,0.00481532,0.0402081
27f57a7f-ee68-4287-bb34-3b6fbbe8331e,CEEHRC_[EMC_McGill],IHECRE00000914.1,88425668,0.982026,0.264938,0.00816964,0.025517
ac61d7eb-a89b-4cd7-9ac2-42bb26fd3835,CEEHRC_[EMC_McGill],IHECRE00000915.1,114251246,0.988168,0.462022,0.0238335,0.0332218
758bdbbd-624a-4c29-a8b7-4f5a14c38609,CEEHRC_[EMC_McGill],IHECRE00000916.3,142111302,0.974505,0.202431,0.00199994,0.0322951
b00b35aa-f662-453c-9d6b-18679986da5e,CEEHRC_[EMC_McGill],IHECRE00000918.1,54907156,0.954505,0.175263,0.000831324,0.0226928
a7ca505d-d595-49e3-8e44-c8c43cdb7984,CEEHRC_[EMC_McGill],IHECRE00000919.1,118459534,0.983148,0.229521,0.00213089,0.0370692
064f6827-2f15-4c59-bacb-c338da93091d,CEEHRC_[EMC_McGill],IHECRE00000920.1,45963346,0.952695,0.204108,0.000575578,0.0229555
9a528ade-fe00-4224-aee7-72804038ba9c,CEEHRC_[EMC_McGill],IHECRE00000922.1,103796236,0.981441,0.11963,0.00261648,0.0558489
f8cc3499-9ed3-49c8-8cb4-7c076133f966,CEEHRC_[EMC_McGill],IHECRE00000923.3,47329702,0.956079,0.170168,0.00111447,0.0224194
cd02f672-1b6d-4841-83d9-c7d187a2a7f5,CEEHRC_[EMC_McGill],IHECRE00001973.1,213871542,0.978188,0.325166,0.0105896,0.0597233
63a5fcc6-deaf-4000-8839-d3db0c8db635,CEEHRC_[EMC_McGill],IHECRE00001975.1,99214714,0.986794,0.617487,0.0269772,0.0438679
a9a081ee-7357-4a44-a5e4-b7d60feb35ea,CEEHRC_[EMC_McGill],IHECRE00001976.1,82980900,0.982183,0.396741,0.0191285,0.0486087
8c47140a-7fa6-4116-8a0d-e2aa417eb02e,CEEHRC_[EMC_McGill],IHECRE00001984.1,331305082,0.975554,0.360559,0.0107319,0.0667853
7822c1b2-23a3-45e5-ab04-49d38c455668,CEEHRC_[EMC_McGill],IHECRE00001987.1,121826838,0.967164,0.315725,0.00948518,0.0372081
158404e3-76b4-4d20-8015-3660503003f9,CEEHRC_[EMC_McGill],IHECRE00001990.1,219906602,0.974746,0.340041,0.00892668,0.0715919
115f71b5-ac49-4b82-9dcc-aecfadbfebdd,CEEHRC_[EMC_McGill],IHECRE00001991.1,144177122,0.989725,0.640459,0.0328196,0.0454381
df2baed3-3598-475d-b119-1eb2ba843074,CEEHRC_[EMC_McGill],IHECRE00001997.1,208084724,0.977029,0.404896,0.00994766,0.0521676
a69253dc-f72d-482d-a7bb-e28a58cecc17,CEEHRC_[EMC_McGill],IHECRE00001999.1,122153192,0.98949,0.544985,0.0285583,0.0380593
b9665523-7e47-402f-93e1-6221e0c2e0cb,CEEHRC_[EMC_McGill],IHECRE00002002.1,105962040,0.961985,0.460298,0.0186408,0.0372853
1e1dd56e-6c89-474a-ad06-b53a13079500,CEEHRC_[EMC_McGill],IHECRE00002005.1,543023638,0.974151,0.305213,0.00615887,0.0609619
f2e00731-6e27-4785-9e19-253cb0a8b797,CEEHRC_[EMC_McGill],IHECRE00002009.1,108215990,0.983172,0.570257,0.0271624,0.0377898
79306b1d-b9ef-48dc-b63c-7953af711b95,CEEHRC_[EMC_McGill],IHECRE00002017.1,145171888,0.963644,0.580119,0.0258444,0.0410379
90f7ccce-cc01-4854-b1c6-b667910d2903,CEEHRC_[EMC_McGill],IHECRE00002019.1,113671028,0.982415,0.509174,0.0199168,0.0425767
e0ffc1e2-7116-400a-ac8a-4d91849b4bb4,CEEHRC_[EMC_McGill],IHECRE00002022.1,92161972,0.981154,0.433948,0.0281171,0.0394539
92d55ef5-fe18-4499-86be-3fcf3684d386,CEEHRC_[EMC_McGill],IHECRE00002023.1,130557032,0.983434,0.545588,0.0269658,0.038035
d2716db7-4fdb-4032-abcc-2b063caf37a8,CEEHRC_[EMC_McGill],IHECRE00002024.1,212284100,0.982499,0.375821,0.0162673,0.0350621
0494ef51-6e1e-44ed-ba75-91a7243bebae,CEEHRC_[EMC_McGill],IHECRE00002025.1,125513644,0.964,0.471463,0.0212468,0.040951
8e4e34b2-02ce-4c33-b5b6-e0382ad949b9,CEEHRC_[EMC_McGill],IHECRE00002026.1,107730482,0.983446,0.512834,0.023227,0.0333949
9f2fdf6c-d550-4186-8931-28fdc8c3d4bd,CEEHRC_[EMC_McGill],IHECRE00002027.1,125341268,0.964851,0.315244,0.0129295,0.0377606
0fa58e3b-c14b-41ce-bb2b-bb0aa8ab361a,CEEHRC_[EMC_McGill],IHECRE00002030.1,266997454,0.986036,0.71312,0.0378632,0.0424635
aeee6435-bdd6-475b-8766-3abe1350e0ff,CEEHRC_[EMC_McGill],IHECRE00002035.1,114610548,0.990237,0.902789,0.0939512,0.0425568
ba471d45-97d8-4f51-b003-c5224f76d835,CEEHRC_[EMC_McGill],IHECRE00002036.1,136487548,0.959123,0.512526,0.02732,0.0449368
3197ab7f-7c7e-451e-b699-627b81d762f1,CEEHRC_[EMC_McGill],IHECRE00002043.1,195736402,0.983018,0.741689,0.0412823,0.0405562
4936aea2-d353-4afc-8c94-5d1702b8fb7f,CEEHRC_[EMC_McGill],IHECRE00002044.1,103382670,0.98231,0.888722,0.0574917,0.0460716
acc063bb-21f9-4e63-8381-813e2a254d50,CEEHRC_[EMC_McGill],IHECRE00002046.1,132778314,0.976298,0.563446,0.117617,0.0333112
7b65f547-4a06-4b1f-9d20-f79107680a9a,CEEHRC_[EMC_McGill],IHECRE00002053.1,141898300,0.990717,0.685865,0.0357728,0.0404736
395a5034-7f4e-4422-8db6-4762837306f8,CEEHRC_[EMC_McGill],IHECRE00002054.1,218815682,0.9797,0.382757,0.0128994,0.0506002
44f82be5-b255-458c-b4e5-2184eb24c757,CEEHRC_[EMC_McGill],IHECRE00002058.1,312229234,0.97418,0.335154,0.00747655,0.0628416
16319258-30fb-4402-a2c7-ae2b4f6f74be,CEEHRC_[EMC_McGill],IHECRE00002063.1,426075250,0.974238,0.38533,0.0104614,0.0627595
1356b6d5-c785-4563-b82e-be8e7ba40382,CEEHRC_[EMC_McGill],IHECRE00002065.1,329788092,0.975087,0.383011,0.00904017,0.0613685
70e5e960-48be-4594-b470-7dbb32b2b559,CEEHRC_[EMC_McGill],IHECRE00002066.1,141959588,0.983697,0.371973,0.0141335,0.0370169
2525db1a-a447-446f-8655-a2dc20c3b688,CEEHRC_[EMC_McGill],IHECRE00002067.1,112233660,0.982068,0.362272,0.0122286,0.0537758
adb1a886-8abb-413d-a517-92b7061b6f72,CEEHRC_[EMC_McGill],IHECRE00002070.1,129531828,0.959905,0.517132,0.0224267,0.0373314
6c4caae7-733e-48bb-ad29-1d9b04cb50b2,CEEHRC_[EMC_McGill],IHECRE00002073.1,79749370,0.977385,0.504746,0.0231147,0.0473666
3fc6631e-5eb4-4761-8d81-8cf92dacb0d4,CEEHRC_[EMC_McGill],IHECRE00002076.1,216826714,0.979633,0.237459,0.00626327,0.0470461
900f8b6b-16d8-4f55-8b77-fd776563d18e,CEEHRC_[EMC_McGill],IHECRE00002081.1,117841730,0.968127,0.479145,0.0210058,0.0427189
bbac128d-09f4-448e-8987-d9088349f3c4,CEEHRC_[EMC_McGill],IHECRE00002083.1,124399188,0.988827,0.94706,0.1257,0.0506484
da4afbf6-bcc1-4d3c-8eac-5e36d1a4b805,CEEHRC_[EMC_McGill],IHECRE00002086.1,417267448,0.972154,0.274401,0.0053711,0.0725441
9274103f-0efa-4958-9580-6f4f70583a29,CEEHRC_[EMC_McGill],IHECRE00002087.1,132755282,0.973385,0.552469,0.0240882,0.0402926
f4ee0a2d-9314-4900-942d-9b5ddef4b797,ENCODE,IHECRE00001851.4,477270270,0.932052,0.541473,0.0432919,0.0182196
919c41fa-9c73-4ae5-b053-9199a7f05d23,ENCODE,IHECRE00001852.4,146132699,0.951594,0.787633,0.0157506,0.016542
82c251c5-7c19-4327-8e89-8faf89a3ce12,ENCODE,IHECRE00001852.4,425197774,0.956984,0.843745,0.0946792,0.0272165
5a872cb8-532b-4522-ac6a-4cee17f9d947,ENCODE,IHECRE00001853.4,519984664,0.944042,0.456535,0.0462437,0.0218409
5639d3fa-0233-457a-b3db-afcc03090d9b,ENCODE,IHECRE00001854.4,120537197,0.920839,0.851831,0.0146705,0.0124389
741f8e88-d8f2-4ff9-92bf-2a29b1e14bfc,ENCODE,IHECRE00001854.4,379891486,0.897007,0.918485,0.0356209,0.0176807
20e962f7-af4d-4e02-b4c3-2f4f250a5dea,ENCODE,IHECRE00001856.4,294254932,0.974673,0.779989,0.0858081,0.0411198
50e064db-1f44-421f-8c62-911b6786dd51,ENCODE,IHECRE00001857.4,405986796,0.88312,0.516949,0.000643611,0.0137413
2f945243-c43e-4ee6-812b-1acb828764c9,ENCODE,IHECRE00001858.4,106451190,0.59844,0.687548,0.00449842,0.0118977
d1be4297-a068-438f-83fa-0cc62223cc56,ENCODE,IHECRE00001859.4,162972416,0.734014,0.742258,0.0251979,0.0235707
adb54602-09ee-48e6-b697-461254c85419,ENCODE,IHECRE00001861.4,293025692,0.973315,0.842893,0.0962049,0.0445828
0b38bbd2-e354-49cf-92ea-f05ccd931cb8,ENCODE,IHECRE00001881.4,387195746,0.956627,0.504402,0.0221334,0.0105379
f1755da8-89f0-4d91-8509-e35ec574957b,ENCODE,IHECRE00001882.4,416978280,0.831606,0.892127,0.110051,0.0133522
e8e4ecc2-b866-410a-aa57-5c9031d8aaa4,ENCODE,IHECRE00001883.4,535474828,0.956857,0.421787,0.0063674,0.00505656
d14f8451-27e9-401d-87c7-a2f337d96db8,ENCODE,IHECRE00001883.4,811895026,0.933087,0.684969,0.0000312157,0.0170781
4d4c1f3b-623e-4ffb-8afe-04eaac78347b,ENCODE,IHECRE00001884.4,734682328,0.944536,0.753305,0.0861187,0.0252105
2a84eac9-52de-4661-a4df-59f983bc893f,ENCODE,IHECRE00001885.4,806231692,0.943394,0.776106,0.077227,0.0185477
83c53560-0bae-4707-b449-cbda80c37d51,ENCODE,IHECRE00001886.4,813722894,0.939644,0.549923,0.0229167,0.00926198
b2b4ded3-20fb-4626-b1c9-2afcd18bd6ec,ENCODE,IHECRE00001887.4,465284146,0.893485,0.456746,0.0358842,0.020671
2b916ad0-d19b-48a4-92e6-0abe7c5da684,ENCODE,IHECRE00001888.4,254204872,0.952976,0.381411,0.00663369,0.00445893
7d2b7dcd-c60c-449c-818b-0b3e42e37251,ENCODE,IHECRE00001888.4,293688094,0.962886,0.697132,0.119155,0.0264159
6e392e04-91fe-43fa-bea5-28337091140f,ENCODE,IHECRE00001889.4,464993072,0.944505,0.565584,0.019224,0.0271545
03e7199d-3878-4734-87ce-4fcc292f5371,ENCODE,IHECRE00001890.4,397106236,0.396613,0.955001,0.0254846,0.0158188
bb1ab3ff-8274-4890-8527-f7479316afa7,ENCODE,IHECRE00001891.4,387675288,0.911352,0.864483,0.123723,0.0141846
24a84e40-2900-4416-9414-95d828d0d296,ENCODE,IHECRE00001891.4,482999130,0.952852,0.494621,0.0079845,0.00755607
3aa6df7a-71ce-4255-a277-c95974933ec4,ENCODE,IHECRE00001892.5,277912080,0.961344,0.366536,0.0394708,0.0277711
c5893651-dcc4-47b1-a647-a853e04e006d,ENCODE,IHECRE00001892.5,382207272,0.967077,0.787197,0.0165035,0.0252269
5ee79c57-181a-4310-98e5-3cfea5a542cb,ENCODE,IHECRE00001893.4,223251048,0.954883,0.31062,0.000244377,0.0163659
a1234d93-1c1c-46b0-8aa9-7c377916cdee,ENCODE,IHECRE00001893.4,490658010,0.94389,0.624471,0.0399977,0.0154334
24008611-ffc0-4ba0-a0d2-d682c9ae86aa,ENCODE,IHECRE00003702.4,406203514,0.961361,0.791415,0.0687867,0.0334399
f9e15b8b-f2b8-47f1-8f54-e7a5ee16adc5,ENCODE,IHECRE00003707.4,339322894,0.871774,0.53811,0.000783978,0.0227916
3957aa9e-a4a2-4c33-88a8-a19e34445a8e,ENCODE,IHECRE00003709.4,440936880,0.964903,0.899583,0.0601504,0.0342805
faf6e0d8-a575-49a0-ae0b-aaa368c3b56a,ENCODE,IHECRE00003710.4,129492043,0.818548,0.7814,0.0516767,0.0580921
effdee8f-0a3a-48ef-b9b8-c6d063b15ade,ENCODE,IHECRE00003710.4,391724780,0.921284,0.80795,0.0528811,0.0637682
a939323b-d9f1-4fb6-8119-53205597f571,ENCODE,IHECRE00003711.4,157017820,0.940508,0.778648,0.0166503,0.026363
415bd5c5-395d-4f70-8d3c-4cb85e8af82b,ENCODE,IHECRE00003711.4,403961014,0.976968,0.810955,0.1147,0.0313346
71279320-93eb-4b0e-b280-a089e8a69360,ENCODE,IHECRE00003713.4,125491638,0.902056,0.795785,0.0354406,0.020446
fb6b0d18-d40b-467f-8d69-0a42741d28fe,ENCODE,IHECRE00003713.4,284512866,0.862284,0.749424,0.118705,0.0257915
ea53eea8-ec6a-4948-a50a-9f91afd64a10,ENCODE,IHECRE00004624.3,100186528,0.964124,0.645457,0.110802,0.0159287
dd570e0c-eb0b-416a-b427-a39d05f62f32,ENCODE,IHECRE00004628.3,480116276,0.946951,0.552155,0.00646381,0.0088303
bf76a8c7-2c1c-4b15-ae82-90d3b6b21080,ENCODE,IHECRE00004629.3,198502116,0.976325,0.720773,0.323027,0.0196927
76fb0812-625a-4f60-b6ed-d7a40c6d81cd,ENCODE,IHECRE00004631.3,173034200,0.973518,0.598056,0.137323,0.0286611
68fe4615-5c2d-4f59-b6c6-aebaf55eb95c,ENCODE,IHECRE00004632.3,146959648,0.968552,0.884687,0.105196,0.087899
b9f6f4ec-a100-45ef-9ab9-a7b367af561d,ENCODE,IHECRE00004634.3,121882912,0.972498,0.649749,0.231609,0.00642264
1a23963c-79da-47ba-95fa-98ac5b1bec58,ENCODE,IHECRE00004635.3,134488765,0.954538,0.8345,0.00953016,0.0173495
89c408ca-3003-49fc-834b-54b2f6df0bfa,ENCODE,IHECRE00004635.3,406595868,0.953043,0.902334,0.0885979,0.0370271
5683bdf4-d717-4b63-b019-531a0f0db8a6,ENCODE,IHECRE00004636.3,111825568,0.917336,0.903525,0.214959,0.0217754
6b83a5eb-5734-4d57-b307-029ac335201a,ENCODE,IHECRE00004637.3,174576934,0.971335,0.692942,0.214536,0.0210433
2c567050-e56f-4f9d-952f-a28162703c3a,ENCODE,IHECRE00004638.3,649578874,0.933762,0.739032,0.0000564914,0.0218208
e7181c08-0c50-4b2e-9dd5-1b88c09d2776,ENCODE,IHECRE00004640.3,178826282,0.966346,0.655084,0.076956,0.0384405
1b4289eb-29d2-4980-9223-cf2de20f1c31,ENCODE,IHECRE00004641.3,185924848,0.962645,0.55487,0.0721418,0.0328977
e83f30b9-4c95-43ed-9654-dcbcdf8e25b4,ENCODE,IHECRE00004643.3,95517748,0.927003,0.841018,0.139887,0.0417958
aafab32f-441f-4f52-b53e-317351fa8f62,ENCODE,IHECRE00004644.3,479121938,0.889539,0.378965,0.0372078,0.023713
c86bf3e9-5810-48cc-8947-a98f3ac94c8f,ENCODE,IHECRE00004646.3,153908598,0.958138,0.770776,0.163597,0.0334013
3904768d-91db-4dcf-9535-6d6492f3b9f7,ENCODE,IHECRE00004647.3,91219518,0.946416,0.53772,0.109571,0.034087
5580fa1a-ac77-4855-81a3-073105e70ac9,ENCODE,IHECRE00004648.3,116548932,0.967731,0.692053,0.208956,0.014082
4123c329-7105-4f1e-956b-92e5c86b301f,ENCODE,IHECRE00004649.3,188101686,0.960941,0.714545,0.201163,0.0182821
410e4596-d4b7-4868-9d22-d04a94647ba9,ENCODE,IHECRE00004650.3,88745504,0.948868,0.638855,0.11784,0.0253351
c4b4269c-af95-4490-b0d6-e50561122cd6,ENCODE,IHECRE00004654.3,116608890,0.962983,0.53358,0.133591,0.0255259
39513008-89c1-4eaf-b33a-e6584b4887eb,ENCODE,IHECRE00004655.3,112089736,0.937595,0.836278,0.260441,0.0286895
155d1df7-1bbe-4dec-8545-6797a75c8111,ENCODE,IHECRE00004657.3,96952008,0.94356,0.756411,0.107834,0.0416196
596fc8c7-9083-4e9a-9268-a7f8d2f440e0,ENCODE,IHECRE00004658.3,497747412,0.883904,0.699542,0.0115849,0.0122577
28776fe9-09f1-49a4-926b-48b9fc0d4a16,ENCODE,IHECRE00004660.3,120576276,0.948678,0.624422,0.140758,0.0252871
cfa7159f-f7b9-4007-b0df-1c295f327726,ENCODE,IHECRE00004661.3,146945440,0.953337,0.73983,0.123456,0.0301483
07c040f7-34d0-419c-bbf0-0f33bca156c2,ENCODE,IHECRE00004663.3,416938800,0.924611,0.843757,0.0796488,0.0256997
c9f4aae7-47ee-4beb-91d4-03323c9b60d9,ENCODE,IHECRE00004664.3,99525526,0.963405,0.779802,0.589568,0.00539236
a221ab2b-31c6-4536-a815-c4eef0a385e1,ENCODE,IHECRE00004665.3,86846666,0.956976,0.54636,0.139189,0.0142129
a73b7e23-a9ea-493f-9fca-9d26c8ba95ad,ENCODE,IHECRE00004667.3,159638962,0.888398,0.773139,0.0000285144,0.0247106
ed3ab6c4-809c-4eb7-ae36-0db642d74fb8,ENCODE,IHECRE00004668.3,105280182,0.950461,0.650988,0.104171,0.0221983
6ea0a74c-bee1-4727-be66-a5ebd01a3934,ENCODE,IHECRE00004669.3,77179462,0.943772,0.707513,0.152178,0.0415226
5b4ead1d-5516-47de-bee3-40dc5a261e88,ENCODE,IHECRE00004671.3,93734568,0.952822,0.465349,0.126923,0.0388401
926402d3-3235-40e1-a1b3-b7714b4d00bd,ENCODE,IHECRE00004672.3,86497780,0.947765,0.724745,0.464672,0.00898305
59956595-e823-45f7-a821-385b7e5d909e,ENCODE,IHECRE00004674.3,144819428,0.960223,0.690607,0.260889,0.0221431
8e09c83d-5dd7-4b08-845b-5c895998be93,ENCODE,IHECRE00004675.3,74438802,0.948467,0.55571,0.145311,0.0288097
8377fddb-7c91-4c1a-af08-9ed3f503872f,ENCODE,IHECRE00004676.3,65502492,0.589843,0.582823,0.0178715,0.0188974
8098bf8f-fa03-4224-ae62-ea5fc789b9a8,ENCODE,IHECRE00004679.3,82088580,0.940584,0.828299,0.118306,0.0139002
c3a5847e-6875-447b-90fb-c5716a4ea80e,ENCODE,IHECRE00004680.3,474574468,0.880629,0.435278,0.0289004,0.00894761
018d3b84-efbf-4ec5-9a69-1c6878316006,ENCODE,IHECRE00004681.3,68557292,0.931207,0.851948,0.126684,0.0149331
5704df54-c80c-4334-a3a0-98e155822e57,ENCODE,IHECRE00004683.3,149645882,0.954217,0.96772,0.578769,0.0196043
e0902bfa-5f1d-4320-a381-be7227f1b333,ENCODE,IHECRE00004688.3,95801568,0.921509,0.949637,0.0992868,0.0278085
531e630f-8ddf-42c7-a802-2d60152a5575,ENCODE,IHECRE00004690.3,418046226,0.913115,0.737554,0.13612,0.0429036
6d42d770-3e01-48cf-9f7f-2a2d5305cf0d,ENCODE,IHECRE00004694.3,426837788,0.969629,0.387055,0.0398683,0.0139816
199ee165-65e6-47cc-997e-bb79838a989d,ENCODE,IHECRE00004695.3,84395198,0.948897,0.634025,0.0903418,0.0252114
1d8f4814-15b3-4cb5-a12b-855732f3bf79,ENCODE,IHECRE00004699.3,107946180,0.952552,0.914432,0.235933,0.0515462
0b233d48-3e4f-4e47-bbae-a56bdfd9137c,ENCODE,IHECRE00004700.3,105025612,0.964464,0.8373,0.0792183,0.0332748
9c7815a9-ee7a-47e2-81a1-2585c3d8e9ca,ENCODE,IHECRE00004701.3,120543444,0.939948,0.850366,0.10281,0.0321373
2aab0519-8087-4e48-9234-00fac3b046a1,ENCODE,IHECRE00004702.3,427966582,0.952454,0.4899,0.0157775,0.00823476
38360437-082d-432c-a198-6ac92037381e,ENCODE,IHECRE00004703.3,92147382,0.961622,0.47819,0.120576,0.0276879
7d57b73f-7ac5-4914-b289-8bf78bae5584,ENCODE,IHECRE00004704.3,151745060,0.963394,0.574037,0.145833,0.0316896
f27ae7fc-ed2f-4703-a234-22ddc9511147,ENCODE,IHECRE00004705.3,102542160,0.903475,0.966858,0.192875,0.0653637
ab7ba009-f6b1-4122-8c0b-6b3dda5ff568,ENCODE,IHECRE00004708.3,69196712,0.934601,0.646058,0.298346,0.029914
ad336c34-95a8-491d-a3ad-8ddba51648e7,ENCODE,IHECRE00004709.3,98245422,0.957952,0.596155,0.374441,0.0227363
dcaa148b-20cb-4cc8-9fbc-a28151cdd3f2,ENCODE,IHECRE00004711.3,115346338,0.939325,0.983832,0.605329,0.0169746
bdd30bcf-f9dc-4909-bea6-a7c0bfb18f9f,ENCODE,IHECRE00004714.1,106459462,0.956709,0.735335,0.461737,0.00586036
801152a0-cf11-43c4-a49e-89c5e6213360,ENCODE,IHECRE00004715.1,182981786,0.965282,0.473203,0.0739527,0.0706621
cb574786-3bcb-4d20-87fa-b5f6ca20b4e0,ENCODE,IHECRE00004716.1,105627946,0.96146,0.606345,0.115102,0.0212473
fa33bfa6-708d-48c1-9796-fae408006b69,ENCODE,IHECRE00004717.1,163914614,0.959294,0.685871,0.158775,0.0277621
160d4def-be4f-4870-9267-7e085c9b4b28,ENCODE,IHECRE00004718.1,120742040,0.930561,0.973805,0.184436,0.0561828
94bf25c4-a5c0-4e8f-8667-5600e67b184d,ENCODE,IHECRE00004719.1,117079634,0.94065,0.836509,0.159657,0.030764
b1fb7fa3-42e5-4170-b27f-c40cb3eb9b60,EpiHK,IHECRE00004713.2,48023928,0.970932,0.23657,0.00116589,0.0345339
6d36811c-6442-4762-90ea-9dbe33561c1e,Korea_Epigenome_Project_(KNIH),IHECRE00003717.1,310729552,0.990163,0.735026,0.0125411,0.00483712
499b6626-e597-49ad-8da2-b796cc40c649,Korea_Epigenome_Project_(KNIH),IHECRE00003718.1,214911162,0.982013,0.486404,0.00704602,0.0169586
a5e279fc-bf44-4080-871e-07afbb2c93ad,Korea_Epigenome_Project_(KNIH),IHECRE00003719.1,241388634,0.984553,0.387051,0.00346137,0.00809661
29a438d0-62fc-4f1d-aad5-ca67643775b7,Korea_Epigenome_Project_(KNIH),IHECRE00003720.1,259613682,0.985232,0.360283,0.00400363,0.00769884
3029f8f0-bcea-4f47-90e7-a32fd4b94f25,Korea_Epigenome_Project_(KNIH),IHECRE00003721.1,259289450,0.984633,0.356752,0.00571036,0.00815787
73d65d25-d5dd-4011-9258-26cebc367ec4,Korea_Epigenome_Project_(KNIH),IHECRE00003722.1,250342512,0.985305,0.326998,0.00351043,0.00687739
b2845b2c-6045-476b-a3f2-742863111442,Korea_Epigenome_Project_(KNIH),IHECRE00003723.1,270272224,0.984858,0.353896,0.00648664,0.00796705
6d42715d-eaa6-4645-a27d-a3ea3aa8c516,Korea_Epigenome_Project_(KNIH),IHECRE00003724.1,261694708,0.990011,0.452804,0.00637047,0.0219526
a4003bf9-d92f-43c9-937c-720897faa53a,Korea_Epigenome_Project_(KNIH),IHECRE00003725.1,290982220,0.989904,0.460629,0.00970901,0.0141001
85c3efac-feb9-4c83-a9dd-605ab7c4294f,Korea_Epigenome_Project_(KNIH),IHECRE00003726.1,326114908,0.974721,0.347732,0.00489088,0.0175916
d5c6b9e2-ff0b-4d09-8d05-05382eb40498,Korea_Epigenome_Project_(KNIH),IHECRE00003727.1,263740868,0.969814,0.504117,0.0113478,0.0220743
0e890941-1f33-4467-a5f5-6810cfb1e404,Korea_Epigenome_Project_(KNIH),IHECRE00003728.1,314222784,0.988922,0.465483,0.00925924,0.0153016
20a6c0e8-56ed-4fb4-b085-28e5129a1a38,Korea_Epigenome_Project_(KNIH),IHECRE00003729.1,242531648,0.978752,0.422134,0.0017911,0.011405
d1c68642-5108-4497-b725-e555cc161c3b,NIH_Roadmap_Epigenomics,IHECRE00000928.6,200441742,0.974454,0.335378,0.00282922,0.0198176
fbde42de-7bcc-4e42-8e4a-5c918c8574c3,NIH_Roadmap_Epigenomics,IHECRE00000936.6,347523990,0.9691,0.575788,0.027932,0.0257911
9782d3cd-edb8-4ed9-b45c-a33832264df9,NIH_Roadmap_Epigenomics,IHECRE00000938.6,339157228,0.921029,0.97094,0.0430952,0.0342532
b47a10a2-12dd-43df-8453-b46e428e4298,NIH_Roadmap_Epigenomics,IHECRE00000940.6,175280118,0.915223,0.548792,0.168575,0.0376772
75a6826b-8fce-4611-b275-0177fa4536dd,NIH_Roadmap_Epigenomics,IHECRE00000942.5,351227974,0.968817,0.743138,0.0194738,0.119977
b6b6e970-5c96-4da4-a5ed-dae7e91a6225,NIH_Roadmap_Epigenomics,IHECRE00000943.6,820076840,0.981807,0.606131,0.0130208,0.00746236
9f41b73a-4786-408b-96be-593e77fc6e1e,NIH_Roadmap_Epigenomics,IHECRE00000946.6,501343094,0.890991,0.387386,0.00983852,0.0107694
d7b05eac-824c-4949-a3f4-9da2e34dff26,NIH_Roadmap_Epigenomics,IHECRE00000949.5,509952682,0.846422,0.313495,0.00460858,0.0191746
94c66c12-02b0-4893-82b5-daec434995fe,NIH_Roadmap_Epigenomics,IHECRE00000953.6,212216526,0.975537,0.86723,0.0281472,0.092246
cc690a8a-e963-4eb6-87c9-674c3b3b9167,NIH_Roadmap_Epigenomics,IHECRE00000957.6,527799666,0.973717,0.592911,0.0352107,0.0267099
f51ba153-08e7-4777-bd28-9d8cd5c7b620,NIH_Roadmap_Epigenomics,IHECRE00000961.5,157545698,0.936378,0.679386,0.0279068,0.100768
83d4c430-1618-4d65-8840-c968f125d25f,NIH_Roadmap_Epigenomics,IHECRE00000962.6,1017840524,0.948907,0.279398,0.0105667,0.0515223
1152ebc8-3e03-4598-a6f4-d4ddacd5f9e0,NIH_Roadmap_Epigenomics,IHECRE00000964.6,214152064,0.973348,0.50878,0.0232623,0.0288181
b97b9124-6418-4cc0-b177-a3fa4dca6f9e,NIH_Roadmap_Epigenomics,IHECRE00000969.6,834963662,0.964108,0.787965,0.0350003,0.0364444
612c8f3c-7a7c-4a13-88ec-b7e742604406,NIH_Roadmap_Epigenomics,IHECRE00000970.6,789790146,0.910685,0.536507,0.0419444,0.0678949
74073040-3dc4-42e3-afd7-3283b8532546,NIH_Roadmap_Epigenomics,IHECRE00000972.5,221344200,0.972515,0.599426,0.0440541,0.0320487
d58424c3-ebbe-4add-a7e4-9eff181efecf,NIH_Roadmap_Epigenomics,IHECRE00000974.6,750121930,0.982176,0.521198,0.0118365,0.0101646
9937b4bd-88d1-45e8-a269-b96763844fc7,NIH_Roadmap_Epigenomics,IHECRE00000980.7,713608948,0.961263,0.649619,0.0385029,0.024393
d9a73c6c-a169-46a1-b82a-31645022fa17,NIH_Roadmap_Epigenomics,IHECRE00000981.5,287388514,0.929004,0.595233,0.0446678,0.0841372
e0a22759-4ecb-43b4-8424-6838aa88dcf4,NIH_Roadmap_Epigenomics,IHECRE00000983.6,581156742,0.965937,0.658008,0.0197013,0.0413095
17626df4-2172-4f24-8e9e-215cfabec912,NIH_Roadmap_Epigenomics,IHECRE00000987.5,465784170,0.865729,0.308495,0.0051078,0.0199153
f518e9ca-649b-4f42-8538-0250ca1046ba,NIH_Roadmap_Epigenomics,IHECRE00000992.6,831442132,0.986743,0.567985,0.0193638,0.0129761
9842da78-380b-4c46-ad48-f570ddc0664e,NIH_Roadmap_Epigenomics,IHECRE00000994.6,490635708,0.940886,0.29688,0.0093684,0.0110489
6cd9ce05-59f5-4195-8d6d-10d170777c0b,NIH_Roadmap_Epigenomics,IHECRE00001023.6,823234362,0.975795,0.569938,0.0271934,0.0300722
7c075b72-2e05-4612-9ded-e8feb370cb73,NIH_Roadmap_Epigenomics,IHECRE00001024.6,555358788,0.830894,0.765223,0.00959733,0.0225236
42ea6e6f-5290-40b1-a981-9c36d83fbf62,NIH_Roadmap_Epigenomics,IHECRE00001025.6,560016558,0.967415,0.641856,0.0388543,0.0259143
fafd4afa-b115-4895-922c-141e82bffa60,NIH_Roadmap_Epigenomics,IHECRE00001026.6,530829836,0.909086,0.372689,0.0192631,0.0103448
e8bfefa3-9e71-491a-b18a-9f8c94cd41ca,NIH_Roadmap_Epigenomics,IHECRE00001027.6,1010343330,0.96724,0.63464,0.00691486,0.0173242
7c260bc1-b32f-438a-8426-dea1085f19e1,NIH_Roadmap_Epigenomics,IHECRE00001029.6,762085360,0.821454,0.491952,0.0144239,0.0309878
e5a69fb1-4bdd-4432-9e50-2a64832363ed,NIH_Roadmap_Epigenomics,IHECRE00001030.6,324554636,0.969449,0.605948,0.0205048,0.0422173
361c79c6-71e0-4092-9b61-bc7f2428778f,NIH_Roadmap_Epigenomics,IHECRE00001033.6,512355106,0.885346,0.378578,0.0207645,0.0162635
49f4ee8f-5201-428a-92b3-3fab13aae6c8,NIH_Roadmap_Epigenomics,IHECRE00001035.5,493285978,0.844133,0.500278,0.0140352,0.0133234
acb7839a-7a22-4617-aa95-3143484b375d,NIH_Roadmap_Epigenomics,IHECRE00001039.5,314898312,0.937947,0.542275,0.0492663,0.0730309
f2ad9698-3b6f-4ee1-b292-3d67a4c93c9f,NIH_Roadmap_Epigenomics,IHECRE00001044.6,521172344,0.836524,0.624033,0.00557425,0.0194684
ee2c3880-d327-42a7-83b6-b80ed44a7c2e,NIH_Roadmap_Epigenomics,IHECRE00001050.6,828123132,0.981762,0.626487,0.026545,0.0428026
3513f4d0-d185-4273-b12b-28ce5756012a,NIH_Roadmap_Epigenomics,IHECRE00004875.1,410069034,0.942192,0.300348,0.00831541,0.0120028
76f5447d-2a90-47ca-81e6-90ed7fecaceb,NIH_Roadmap_Epigenomics,IHECRE00004876.1,524466876,0.93535,0.394936,0.0130031,0.0194025
34f75cd6-8915-47a6-9aab-37b018a9bdbc,NIH_Roadmap_Epigenomics,IHECRE00004877.1,467431064,0.884906,0.584775,0.00687999,0.0176767
a64ae301-7926-45a7-a635-613f95c2877b,NIH_Roadmap_Epigenomics,IHECRE00004879.1,559798536,0.903508,0.801858,0.00644257,0.0213744
a3132ccc-9e0b-4332-93e4-9a4051d940c9,NIH_Roadmap_Epigenomics,IHECRE00004880.1,593412342,0.783673,0.622773,0.00531221,0.0196249
f5257b67-bdba-45ef-9c69-37dd3e2ab189,NIH_Roadmap_Epigenomics,IHECRE00004883.1,549291018,0.917518,0.448507,0.00671087,0.0235714
ad1ca953-b05e-4339-b58c-3b65927bff4d,NIH_Roadmap_Epigenomics,IHECRE00004884.1,440410524,0.888517,0.45634,0.00771874,0.0233765
71ec931e-9df7-4508-aaa6-8789190d8bb4,NIH_Roadmap_Epigenomics,IHECRE00004885.1,572825304,0.92335,0.372238,0.00699599,0.0133663
bef0f059-5c91-4056-9675-b0248f0b34be,NIH_Roadmap_Epigenomics,IHECRE00004886.1,458632668,0.886392,0.531405,0.00558705,0.0126917
6714ec9e-c0b5-4b46-9a1f-02df868315ce,NIH_Roadmap_Epigenomics,IHECRE00004888.1,521183822,0.862328,0.289852,0.00440163,0.0139912
0a8dfabb-3245-4540-8d44-e8c6c6cb3769,NIH_Roadmap_Epigenomics,IHECRE00004889.1,603343222,0.945474,0.452497,0.00519346,0.0111148
aa14d029-9572-46f2-ac54-cbcf79736178,NIH_Roadmap_Epigenomics,IHECRE00004890.1,548976658,0.935846,0.504535,0.00346792,0.00962133
d89ef0b4-4d15-46fc-af79-4250bd742beb,NIH_Roadmap_Epigenomics,IHECRE00004891.1,595539438,0.766824,0.597803,0.00493485,0.0207035
2376cad6-2764-49fe-9dba-a3d97abb6b7f,NIH_Roadmap_Epigenomics,IHECRE00004894.1,411856692,0.954981,0.217524,0.00659486,0.0153057
1a5b4011-9796-488a-8cc0-9ac27f8477fe,NIH_Roadmap_Epigenomics,IHECRE00004895.1,492573368,0.931259,0.17071,0.0053524,0.0207488
31143c49-938e-4b07-afc1-7e163d665aff,NIH_Roadmap_Epigenomics,IHECRE00004897.1,580945488,0.921356,0.442837,0.0043302,0.0280594
fd4ca1d4-8be7-455c-af9f-83156168ac42,NIH_Roadmap_Epigenomics,IHECRE00004900.1,478756218,0.876564,0.428835,0.00896388,0.0253206
deac4f53-d9fb-4442-b178-70c1bf61d76f,NIH_Roadmap_Epigenomics,IHECRE00004901.1,295735498,0.950376,0.55444,0.00258821,0.0168623
77e973ed-ea34-43d6-90db-cab898964afa,NIH_Roadmap_Epigenomics,IHECRE00004902.1,192334650,0.958482,0.15476,0.00515238,0.021124
0b373f89-cc24-4082-86c2-9c0c4df50d14,NIH_Roadmap_Epigenomics,IHECRE00004903.1,615203606,0.874055,0.379837,0.00684067,0.0116773
e5e55623-0dbc-4db8-870e-3ae31d110cc5,NIH_Roadmap_Epigenomics,IHECRE00004905.1,588946378,0.868626,0.721773,0.0113985,0.0185776
230ad429-672c-486b-8b6b-a9dfb1f4f3c5,NIH_Roadmap_Epigenomics,IHECRE00004906.1,495252266,0.897876,0.405202,0.020064,0.0282661
776d03c2-5e5d-4d59-8d8c-987aaf09f4eb,NIH_Roadmap_Epigenomics,IHECRE00004907.1,509935546,0.938617,0.844256,0.00594294,0.0278744
bb05308f-2bab-45df-813a-3a56ffdbad3b,NIH_Roadmap_Epigenomics,IHECRE00004908.1,404984900,0.926778,0.404907,0.00817078,0.0192714
bf79ae3a-8ce0-46a9-a02e-2fbe785f1711,NIH_Roadmap_Epigenomics,IHECRE00004910.1,477562896,0.942447,0.179754,0.0100117,0.0210283
9ac4fbba-6061-4de7-89cd-adc0e1ed1876,NIH_Roadmap_Epigenomics,IHECRE00004912.1,510985816,0.840081,0.628189,0.00544377,0.0343661
